5314,93,96396,12,8033,-1,1787,93,Frequency.Weekly,4,930620,20100.0,4,5025.0,9900.0,1100.0,0,0,0,4,0,0,0,0,0,0
5316,93,165960,36,4610,1,1801,93,Frequency.Monthly,37,930709,52208.9,17,13523.158823529411,36574.0,2.9,8884.24,54300.0,14.6,24,2,5,0,3,3,0
6863,93,127080,60,2118,1,9188,93,Frequency.Monthly,24,930721,20272.8,15,5009.733333333334,19065.0,48.6,6097.0,14800.0,66.0,14,1,8,0,1,0,0
5325,93,105804,36,2939,1,1843,93,Frequency.Monthly,25,930731,34307.3,13,9254.6,26448.0,132.8,7168.1,15600.0,14.6,16,2,5,0,0,2,0
7240,93,274740,60,4579,1,11013,93,Frequency.Weekly,27,930831,41112.9,13,21255.93076923077,63366.0,77.1,16801.0,36700.0,30.0,18,1,6,0,0,2,0
6687,93,87840,24,3660,1,8261,93,Frequency.Monthly,17,930909,43847.8,14,7331.9857142857145,32938.0,51.3,19600.0,22000.0,15200.0,9,0,8,0,0,0,0
7284,93,52788,12,4399,1,11265,93,Frequency.Monthly,43,930911,21029.0,21,4304.038095238096,11427.0,43.9,3152.5363636363636,17920.0,14.6,29,4,7,0,0,3,0
6111,93,174744,24,7281,-1,5428,93,Frequency.Monthly,32,930921,58140.9,16,13374.85,47436.0,77.8,9741.05,52600.0,14.6,20,4,5,0,0,3,0
7235,93,154416,48,3217,1,10973,93,Frequency.Weekly,32,931008,53402.7,16,11408.9875,39098.0,13.6,8071.3125,19200.0,30.0,22,0,6,0,0,4,0
5997,93,117024,24,4876,1,4894,93,Frequency.Monthly,13,931031,53193.5,9,13154.833333333334,29255.0,45.1,16300.0,24000.0,2100.0,9,0,4,0,0,0,0
7121,93,21924,36,609,1,10364,93,Frequency.Monthly,45,931107,49083.3,21,7551.738095238095,21739.5,38.3,4562.625,17200.0,14.6,26,5,9,0,0,5,0
6077,93,79608,24,3317,1,5270,93,Frequency.Monthly,53,931116,103745.7,22,23558.29090909091,67124.0,110.2,13372.148387096775,51700.0,14.6,37,0,10,0,0,6,0
6228,93,464520,60,7742,-1,6034,93,Frequency.Weekly,68,931130,121570.3,31,16035.55806451613,47757.0,42.4,11073.837837837838,41000.0,30.0,52,0,9,0,0,7,0
6356,93,95400,36,2650,1,6701,93,Frequency.Weekly,47,931130,27697.0,22,11706.59090909091,35760.0,23.6,9195.12,33500.0,30.0,32,0,9,0,0,6,0
5523,93,93888,36,2608,1,2705,93,Frequency.After_Transaction,19,931202,34716.3,12,7084.7,15649.0,48.0,7185.714285714285,15500.0,100.0,13,0,5,0,0,1,0
6456,93,47016,12,3918,1,7123,93,Frequency.After_Transaction,42,931205,58773.2,22,13031.063636363637,47705.0,32.8,11395.5,51800.0,100.0,26,4,8,0,0,4,0
7104,93,259740,60,4329,1,10320,93,Frequency.Monthly,17,931210,67219.5,10,14443.35,38960.0,75.3,11030.57142857143,21500.0,1300.0,12,1,4,0,0,0,0
6820,93,38148,12,3179,1,9034,93,Frequency.Monthly,29,931214,56840.8,18,8067.861111111111,32706.0,9.9,8863.236363636364,20600.0,14.6,15,1,10,0,2,1,0
6876,93,86616,12,7218,1,9236,93,Frequency.Monthly,15,931216,37253.1,12,4879.433333333333,17859.0,29.8,7100.0,11100.0,2200.0,9,0,6,0,0,0,0
7097,93,75624,24,3151,-1,10266,93,Frequency.Monthly,23,931217,41954.8,15,11677.0,49887.0,50.5,16650.0,31100.0,3200.0,13,1,9,0,0,0,0
4959,94,80952,24,3373,1,2,93,Frequency.Monthly,54,931231,27840.6,22,10394.786363636364,30354.0,13.5,6276.39375,22400.0,14.6,33,5,10,0,0,6,0
6499,94,80952,24,3373,1,7401,93,Frequency.Monthly,54,931231,28749.1,22,10395.177272727273,30354.0,13.5,6248.26875,22400.0,14.6,33,5,10,0,0,6,0
5479,94,24516,12,2043,1,2486,93,Frequency.Monthly,73,931231,78656.2,31,20344.677419354837,49536.0,12.5,13143.542857142857,59200.0,14.6,55,0,10,0,0,8,0
5170,94,253200,60,4220,1,1071,93,Frequency.Weekly,41,940119,81150.6,21,13560.890476190476,46304.0,69.5,10181.4,42600.0,30.0,28,0,8,0,0,5,0
6721,94,21072,24,878,1,8475,93,Frequency.Monthly,15,940106,33467.0,13,3012.853846153846,9738.0,48.5,4150.0,5700.0,2600.0,9,0,6,0,0,0,0
7259,94,108144,36,3004,1,11111,93,Frequency.Monthly,55,940118,21921.3,23,16822.82608695652,45740.0,35.7,11406.3625,60600.0,14.6,35,6,8,0,0,6,0
5285,94,78936,12,6578,1,1603,93,Frequency.Monthly,51,940205,24601.0,24,3975.2083333333335,11416.0,24.0,2622.3703703703704,6300.0,14.6,33,4,9,0,0,5,0
5189,94,149040,48,3105,1,1166,93,Frequency.Monthly,54,940131,19033.5,20,9496.58,27946.0,31.1,5026.411764705882,15900.0,14.6,35,5,9,0,0,5,0
6650,94,49320,12,4110,-1,8073,93,Frequency.After_Transaction,49,940214,15673.6,17,15663.035294117648,45628.0,166.4,7831.1875,62700.0,100.0,34,5,5,0,0,5,0
7226,94,197748,36,5493,1,10940,93,Frequency.Monthly,16,940216,43294.5,11,12363.145454545454,36216.0,68.3,18540.0,25100.0,5700.0,12,0,4,0,0,0,0
6087,94,300660,60,5011,1,5313,93,Frequency.Monthly,66,940223,33918.9,24,14927.625,44519.0,39.4,7722.476190476191,48900.0,14.6,42,5,9,0,5,5,0
7262,94,182628,36,5073,1,11135,93,Frequency.Monthly,13,940228,45660.9,10,7666.09,23204.0,67.1,10333.333333333334,12600.0,8600.0,9,0,4,0,0,0,0
5519,94,91632,12,7636,1,2694,93,Frequency.Monthly,70,940303,33061.9,27,8784.244444444445,26378.0,54.1,4746.8093023255815,18300.0,14.6,42,8,12,0,0,8,0
6577,94,51696,24,2154,1,7753,93,Frequency.Monthly,102,940305,38202.2,44,16546.952272727274,46889.0,119.6,11894.2,59600.0,14.6,78,0,13,0,0,11,0
6509,94,55368,24,2307,1,7445,93,Frequency.Monthly,98,940313,12414.4,47,9204.863829787235,48139.0,27.2,8239.490196078432,34100.0,14.6,66,0,22,0,0,10,0
6520,94,91200,24,3800,1,7485,93,Frequency.Monthly,36,940313,32715.3,18,10908.277777777777,34198.0,16.0,9090.766666666666,22100.0,14.6,23,3,7,0,0,3,0
6699,94,7656,24,319,1,8330,93,Frequency.Monthly,81,940323,36353.1,36,7746.0888888888885,31677.0,9.2,5389.026666666667,21700.0,14.6,44,8,22,0,0,7,0
6336,94,212400,36,5900,1,6555,93,Frequency.Weekly,71,940330,64221.1,31,13977.94193548387,48828.0,71.5,9227.375,42900.0,30.0,50,0,12,0,0,9,0
7055,94,167100,60,2785,1,10079,93,Frequency.Monthly,79,940401,39310.2,33,17751.066666666666,49980.0,91.4,11879.891304347826,49200.0,14.6,58,0,11,0,0,10,0
6103,94,149340,60,2489,1,5385,93,Frequency.Weekly,56,940331,23538.3,23,7546.752173913043,22404.0,32.2,4546.575757575758,13200.0,30.0,34,6,10,0,0,6,0
6202,94,65184,12,5432,1,5891,93,Frequency.Monthly,82,940416,67995.4,30,17495.916666666668,48891.0,21.6,8786.192307692309,39900.0,14.6,58,0,14,0,0,10,0
7066,94,215388,36,5983,-1,10131,93,Frequency.Monthly,15,940430,30662.8,10,6116.29,49757.0,18.0,6100.0,11400.0,2600.0,8,0,7,0,0,0,0
6696,94,89040,60,1484,1,8321,93,Frequency.Monthly,87,940507,29305.8,44,3735.1227272727274,15843.0,25.2,3140.4511627906977,11400.0,14.6,44,8,26,0,0,9,0
6072,94,193968,36,5388,1,5256,93,Frequency.After_Transaction,29,940504,80780.0,20,14309.0,41783.0,52.4,22822.222222222223,54200.0,100.0,20,0,8,0,0,1,0
5130,94,24312,12,2026,1,813,93,Frequency.Monthly,78,940506,28461.9,37,5601.632432432432,18231.0,35.5,4360.941463414634,24322.0,14.6,52,0,15,0,0,11,0
5568,94,272520,60,4542,1,2933,93,Frequency.Monthly,84,940514,30009.9,34,13755.75294117647,42400.0,13.3,8753.708,56700.0,14.6,54,10,11,0,0,9,0
6678,94,80340,12,6695,1,8173,93,Frequency.Monthly,52,940505,89342.6,22,20306.622727272726,61260.0,147.8,11913.433333333332,39200.0,14.6,38,0,9,0,0,5,0
6998,94,97632,12,8136,1,9833,93,Frequency.Monthly,65,940520,41330.1,20,25763.21,73224.0,46.7,10531.866666666667,54700.0,14.6,45,6,9,0,0,5,0
6580,94,196080,48,4085,1,7769,93,Frequency.Monthly,47,940514,86857.4,20,14476.62,46888.0,123.9,7506.481481481482,35700.0,14.6,35,0,7,0,0,5,0
6316,94,76908,12,6409,-1,6473,93,Frequency.Monthly,102,940521,14888.6,42,15876.135714285714,47434.0,17.0,10865.153333333334,52200.0,14.6,74,0,16,0,0,12,0
6512,94,63312,48,1319,1,7454,93,Frequency.Monthly,82,940514,28553.5,35,2763.92,10500.0,26.5,1450.7191489361703,4600.0,14.6,54,8,12,0,0,8,0
6407,94,25944,24,1081,1,6930,93,Frequency.Monthly,37,940512,69398.9,19,12249.336842105264,36289.5,65.4,9074.355555555556,29900.0,14.6,25,0,8,0,0,4,0
5002,94,104808,12,8734,1,173,93,Frequency.Monthly,30,940525,28015.4,12,9470.5,25970.0,19.5,4757.2555555555555,16400.0,14.6,20,2,5,0,2,1,0
6647,94,208320,48,4340,1,8051,93,Frequency.Weekly,85,940531,44213.1,33,12819.854545454546,39060.0,79.0,7286.0,29700.0,30.0,59,0,15,0,0,11,0
7137,94,151560,24,6315,1,10439,93,Frequency.Monthly,28,940601,21323.2,13,19058.407692307694,56835.0,59.9,15095.746666666666,37200.0,14.6,19,1,6,0,0,2,0
6903,94,52128,24,2172,1,9337,93,Frequency.Monthly,71,940531,58659.8,39,6244.838461538461,44473.0,38.7,5771.99375,27300.0,0.1,34,0,26,0,0,5,6
5918,94,300204,36,8339,1,4576,93,Frequency.Monthly,71,940531,33932.8,27,9277.392592592592,28365.0,83.6,4921.745454545455,18300.0,14.6,43,8,12,0,0,8,0
6642,94,77640,12,6470,1,8027,93,Frequency.Weekly,60,940602,30825.8,22,18776.677272727273,58227.0,138.1,10059.5,35000.0,30.0,44,0,10,0,0,6,0
6210,94,87216,48,1817,-1,5927,93,Frequency.Monthly,33,940531,21579.1,21,3691.8238095238094,16356.0,16.7,4653.1,12600.0,14.6,17,2,12,0,0,2,0
6279,94,87360,24,3640,1,6273,93,Frequency.Monthly,30,940531,29072.5,16,8544.575,49341.0,63.3,7689.657142857143,22800.0,14.6,18,0,10,0,0,2,0
7249,94,69360,48,1445,1,11065,93,Frequency.Monthly,78,940610,38665.0,31,6597.1322580645165,17782.0,34.2,3528.6382978723404,13700.0,14.6,54,0,14,0,0,10,0
6736,94,288360,60,4806,1,8558,94,Frequency.After_Transaction,10,940531,43313.2,8,8081.3,27116.0,8.7,10600.0,15200.0,6000.0,6,0,4,0,0,0,0
6112,94,174744,24,7281,-1,5442,93,Frequency.Monthly,118,940615,6930.8,38,11542.828947368422,46739.0,33.3,5396.2075,37500.0,0.2,58,14,15,0,14,14,3
5319,94,239460,60,3991,1,1811,93,Frequency.Monthly,46,940619,36240.6,18,13387.93888888889,35918.0,30.4,7312.228571428572,23200.0,14.6,30,4,8,0,0,4,0
6596,94,91584,24,3816,1,7844,93,Frequency.Monthly,31,940624,49842.9,14,18390.371428571427,47906.0,29.4,12213.070588235294,30600.0,14.6,23,0,6,0,0,2,0
5837,94,244560,60,4076,1,4260,93,Frequency.Monthly,42,940620,21326.1,18,12456.16111111111,36680.0,65.4,8453.533333333333,24600.0,14.6,28,4,7,0,0,3,0
5657,94,4980,12,415,1,3354,93,Frequency.Monthly,46,940703,22500.3,19,5352.515789473684,15528.0,35.6,2933.237037037037,16000.0,14.6,27,3,8,0,4,4,0
5533,94,111384,24,4641,1,2762,93,Frequency.Monthly,152,940702,52318.9,55,19164.749090909092,49388.0,29.0,10327.241237113401,61700.0,14.6,108,14,16,0,0,14,0
6232,94,276660,36,7685,-1,6051,93,Frequency.Monthly,58,940707,19783.2,30,3712.366666666667,11600.0,9.5,3270.9857142857145,9800.0,14.6,35,7,10,0,0,6,0
6888,94,39576,12,3298,1,9265,93,Frequency.Monthly,115,940705,23901.1,53,9203.384905660378,49603.0,21.3,7481.906451612903,38400.0,14.6,59,12,32,0,0,12,0
6066,94,173808,24,7242,1,5228,93,Frequency.After_Transaction,75,940705,94431.9,26,26907.226923076923,74522.0,43.3,12350.122448979591,38200.0,100.0,55,0,12,0,0,8,0
5549,94,50460,60,841,1,2824,93,Frequency.Monthly,43,940710,41531.0,19,8327.073684210527,22927.5,32.6,4861.808333333333,15000.0,14.6,26,5,8,0,0,4,0
5060,94,252060,60,4201,-1,426,93,Frequency.Monthly,61,940714,70096.5,26,14985.173076923076,49937.0,8.2,9129.085714285715,41700.0,14.6,44,5,7,0,0,5,0
6004,94,143904,24,5996,1,4937,93,Frequency.Monthly,139,940715,38336.2,47,14003.602127659575,46108.0,6.7,6737.315217391304,60500.0,14.6,91,16,17,0,0,15,0
5126,94,208128,48,4336,-1,790,93,Frequency.Monthly,64,940721,81474.6,29,11823.668965517241,47493.0,30.9,7468.908571428571,36500.0,14.6,43,0,13,0,0,8,0
7220,94,131292,36,3647,1,10911,93,Frequency.Weekly,83,940723,31361.3,29,11868.186206896551,32823.0,12.1,5792.888888888889,24000.0,30.0,51,10,13,0,0,9,0
6668,94,74736,36,2076,1,8129,93,Frequency.Monthly,67,940721,33243.7,26,11194.334615384616,30918.0,16.5,6288.019512195122,20000.0,14.6,39,8,12,0,0,8,0
5395,94,299088,36,8308,-1,2176,93,Frequency.Monthly,126,940723,19448.5,46,17668.680434782607,47189.0,46.2,9916.3825,59400.0,14.6,90,12,13,0,0,11,0
6836,94,189300,60,3155,1,9093,93,Frequency.Monthly,102,940731,24471.4,42,6502.747619047619,28413.0,43.8,4142.723333333333,24960.0,14.6,58,9,26,0,0,9,0
6064,94,14628,12,1219,1,5215,93,Frequency.Monthly,102,940731,34902.8,29,7799.868965517241,23230.5,49.4,2620.4575342465755,14100.0,2.0,64,8,13,0,8,9,0
6919,94,120888,36,3358,1,9403,93,Frequency.Weekly,96,940804,52014.4,36,13123.877777777778,48618.0,85.0,7007.416666666667,49200.0,30.0,56,12,15,0,0,13,0
6841,94,172080,48,3585,1,9104,94,Frequency.Monthly,42,940731,58224.0,25,10713.956,45518.0,19.3,12331.729411764705,40100.0,14.6,25,0,13,0,0,4,0
6038,94,323472,48,6739,1,5120,93,Frequency.Monthly,57,940731,69179.8,28,13879.189285714287,44802.0,52.9,11015.089655172414,33900.0,14.6,37,5,9,0,0,6,0
6729,94,74688,12,6224,1,8519,93,Frequency.Monthly,112,940806,28933.3,49,13496.94693877551,56019.0,96.1,10038.368253968254,38400.0,14.6,56,12,32,0,0,12,0
7198,94,45768,12,3814,1,10788,93,Frequency.Weekly,27,940819,54427.5,22,4701.254545454545,36574.0,24.2,9800.0,23900.0,1000.0,15,0,12,0,0,0,0
6686,94,224604,36,6239,1,8260,93,Frequency.Monthly,93,940816,40287.4,34,20475.04411764706,56152.0,32.7,11116.342372881356,40000.0,14.6,65,0,16,0,0,12,0
5836,94,79632,24,3318,1,4259,94,Frequency.Monthly,16,940813,89746.5,10,24446.25,66165.0,112.5,25786.0,64300.0,9516.0,11,1,4,0,0,0,0
7061,94,121896,24,5079,1,10105,93,Frequency.Monthly,93,940821,41917.2,39,16312.041025641025,49558.0,17.7,11004.674074074073,64900.0,14.6,69,0,15,0,0,9,0
5595,94,82896,12,6908,1,3050,93,Frequency.Monthly,126,940831,64286.0,34,20655.870588235295,62168.0,130.5,7111.017391304348,38600.0,14.6,78,11,15,0,11,11,0
5723,94,23628,12,1969,1,3674,93,Frequency.Monthly,110,940903,64096.3,49,11783.881632653061,43694.0,1.7,8414.980327868852,35200.0,14.6,67,12,18,0,0,13,0
6120,94,209184,48,4358,1,5481,93,Frequency.Monthly,68,940910,44254.7,26,19731.792307692307,54645.0,70.1,11161.233333333334,61800.0,14.6,48,0,12,0,0,8,0
6895,94,41904,12,3492,1,9307,93,Frequency.Monthly,143,940916,39204.7,63,7938.838095238095,48546.0,0.8,5761.775,51700.0,14.6,76,15,37,0,0,15,0
5882,94,87816,12,7318,1,4427,93,Frequency.Monthly,84,940925,15665.6,41,4840.648780487805,14886.0,54.5,4251.186046511628,10300.0,14.6,49,11,14,0,0,10,0
5754,94,23052,12,1921,1,3834,93,Frequency.Monthly,171,940915,28531.7,48,6742.35,20812.0,34.7,2399.1951219512193,24000.0,14.6,107,15,19,0,15,15,0
6594,94,189696,24,7904,-1,7824,94,Frequency.Monthly,5,940914,22500.0,5,4500.0,11500.0,600.0,0,0,0,5,0,0,0,0,0,0
6738,94,230220,36,6395,-1,8566,93,Frequency.Monthly,82,940907,6325.5,38,7839.626315789474,47953.0,4.9,6626.820454545455,59800.0,6.8,39,9,21,0,0,10,3
6624,94,71460,12,5955,1,7965,93,Frequency.Monthly,43,940923,82549.0,20,13133.975,48487.0,35.9,8085.147826086956,24300.0,14.6,27,4,8,0,0,4,0
6216,94,141240,24,5885,1,5952,93,Frequency.Monthly,102,940922,45871.6,27,18498.09259259259,52968.0,105.9,6047.690666666666,43500.0,14.6,65,8,12,0,9,8,0
6229,94,11736,24,489,1,6040,93,Frequency.Monthly,133,941001,26984.4,36,11518.788888888888,33098.0,34.8,3996.822680412371,22500.0,14.6,77,13,17,0,13,13,0
5887,94,192744,36,5354,1,4448,93,Frequency.Monthly,76,940930,29033.7,33,9241.760606060607,41064.0,8.8,6417.6511627906975,47700.0,14.6,52,0,14,0,0,10,0
6808,94,227880,36,6330,1,8982,93,Frequency.Monthly,83,941009,53716.6,45,8119.228888888889,49115.0,24.3,8201.27894736842,64600.0,14.6,48,0,24,0,0,11,0
6297,94,17508,12,1459,1,6363,93,Frequency.Monthly,72,941021,48027.0,31,6398.487096774194,17580.0,36.7,3666.487804878049,13300.0,14.6,48,0,14,0,0,10,0
5161,94,98184,24,4091,1,1012,94,Frequency.Monthly,14,941010,68956.1,11,9059.654545454545,24545.0,74.1,10233.333333333334,18200.0,1400.0,8,0,6,0,0,0,0
5390,94,170256,24,7094,1,2167,93,Frequency.Monthly,77,941027,43302.8,31,11986.912903225806,36552.0,83.9,7136.769565217392,29300.0,14.6,45,10,13,0,0,9,0
6150,94,83016,12,6918,1,5622,93,Frequency.Monthly,196,941031,93605.6,67,20124.31791044776,48883.0,90.2,9929.641860465117,64400.0,14.6,139,18,21,0,0,18,0
6223,94,61056,48,1272,1,5991,93,Frequency.Monthly,64,941031,33539.9,23,8584.58695652174,24372.0,37.1,3998.0536585365853,13500.0,14.6,40,6,11,0,0,7,0
5032,94,123696,48,2577,1,290,93,Frequency.Monthly,61,941031,25201.8,22,12984.854545454546,48476.0,59.5,6678.964102564102,32100.0,14.6,39,6,10,0,0,6,0
6253,94,59760,24,2490,1,6148,93,Frequency.Monthly,54,941031,41147.7,22,11115.263636363636,34557.0,19.5,6356.33125,21440.0,14.6,33,5,10,0,0,6,0
6460,94,48672,36,1352,1,7133,93,Frequency.Monthly,97,941031,23124.6,34,2590.1029411764707,12100.0,33.8,1031.0063492063491,5880.0,14.6,57,9,13,0,9,9,0
6645,94,140400,36,3900,1,8041,93,Frequency.Monthly,45,941104,28271.8,22,11883.85,44739.0,100.9,10137.95652173913,63200.0,14.6,27,0,13,0,0,5,0
5176,94,192552,24,8023,-1,1106,93,Frequency.Weekly,51,941031,22255.5,26,6090.784615384616,23844.0,10.2,5445.4,18000.0,30.0,31,0,14,0,0,6,0
5269,94,164052,36,4557,-1,1527,93,Frequency.After_Transaction,65,941112,20811.2,28,14078.810714285713,48181.0,53.7,10091.767567567567,41400.0,0.4,42,0,12,0,0,10,1
5351,94,205200,36,5700,1,1978,93,Frequency.Weekly,129,941203,54586.0,36,17320.669444444444,51303.0,82.4,6117.8279569892475,31200.0,30.0,73,13,17,0,13,13,0
5861,94,51408,24,2142,1,4337,93,Frequency.Monthly,64,941130,49213.4,31,14636.95806451613,49907.0,43.8,12258.993939393938,57700.0,14.6,44,0,12,0,0,8,0
5450,94,199680,60,3328,1,2345,93,Frequency.Monthly,74,941130,19924.0,28,10072.95,29954.0,20.2,5698.226086956522,22637.0,14.6,43,9,13,0,0,9,0
7142,94,482940,60,8049,-1,10451,93,Frequency.Monthly,130,941213,18439.4,56,4877.926785714286,21056.0,7.8,3442.2243243243242,15800.0,14.6,67,11,30,0,11,11,0
6306,94,36684,12,3057,1,6425,93,Frequency.Monthly,125,941219,35093.0,50,6311.736,18552.0,8.3,3739.9146666666666,24480.0,14.6,73,16,20,0,0,16,0
6272,94,398640,60,6644,1,6226,93,Frequency.Weekly,86,941218,59316.9,34,21806.935294117648,59793.0,32.1,13117.673076923076,48100.0,30.0,58,0,16,0,0,12,0
5044,94,100980,60,1683,1,344,93,Frequency.Monthly,70,941210,47137.7,27,7692.8,20922.0,75.7,3734.1348837209302,22900.0,14.6,41,9,12,0,0,8,0
5576,94,31248,12,2604,1,2962,93,Frequency.Monthly,120,941220,53922.3,51,16817.42745098039,47033.0,128.0,11648.785507246377,64100.0,14.6,90,0,18,0,0,12,0
7192,94,115992,36,3222,1,10738,93,Frequency.Weekly,127,941210,17711.5,46,8683.641304347826,46194.0,5.4,4812.074074074074,60600.0,30.0,75,16,20,0,0,16,0
5739,95,76380,12,6365,1,3747,94,Frequency.Monthly,45,941231,23171.2,20,4596.96,12861.0,36.1,2751.296,8700.0,14.6,25,4,8,0,4,4,0
6526,95,288468,36,8013,1,7523,94,Frequency.Monthly,17,941231,48840.6,14,6845.75,30950.0,6.4,15666.666666666666,23300.0,10700.0,9,0,8,0,0,0,0
5624,95,177744,48,3703,-1,3166,93,Frequency.Monthly,95,950102,14230.7,36,9073.402777777777,45056.0,10.0,5295.1169491525425,26000.0,3.3,64,0,15,0,0,14,2
6244,95,270648,36,7518,-1,6118,94,Frequency.Weekly,72,950101,50996.5,36,13666.85,47433.0,105.9,12250.277777777777,52700.0,30.0,39,6,20,0,0,7,0
5131,95,48624,24,2026,1,816,93,Frequency.Monthly,117,950107,47993.6,49,15032.102040816326,41561.0,21.1,10126.164705882353,52900.0,14.6,76,12,17,0,0,12,0
6960,95,76416,24,3184,1,9640,93,Frequency.Monthly,153,950110,12262.9,57,8867.943859649124,28659.0,48.8,5137.602083333333,21400.0,14.6,95,18,22,0,0,18,0
6358,95,137880,60,2298,-1,6715,93,Frequency.Weekly,89,950110,19966.8,38,7317.1815789473685,20684.0,30.5,5060.509803921569,20848.0,30.0,63,0,15,0,0,11,0
5418,95,347952,48,7249,1,2245,93,Frequency.Monthly,120,950113,57546.3,50,16705.18,49271.0,111.1,11110.177142857143,54600.0,14.6,87,0,19,0,0,14,0
6598,95,68112,12,5676,1,7857,93,Frequency.Monthly,147,950115,39416.1,37,20195.84054054054,57164.0,113.6,6434.816363636363,42100.0,14.6,90,13,17,0,14,13,0
5464,95,95808,12,7984,1,2419,93,Frequency.Monthly,90,950129,72500.4,40,18972.2875,49008.0,109.8,13727.82,57700.0,14.6,67,0,13,0,0,10,0
6591,95,20832,48,434,1,7819,93,Frequency.Monthly,151,950131,17872.5,47,4204.593617021276,13251.0,26.0,1728.301923076923,19700.0,14.6,93,13,18,0,13,14,0
5724,95,316140,60,5269,-1,3678,93,Frequency.Monthly,139,950131,12811.8,60,4591.911666666667,13352.0,16.7,3325.351898734177,9500.0,14.6,81,18,22,0,0,18,0
6315,95,43164,12,3597,1,6472,94,Frequency.Monthly,69,950203,31349.9,26,19429.611538461537,57680.0,111.0,11019.06511627907,43700.0,14.6,49,0,12,0,0,8,0
5876,95,221280,48,4610,1,4413,94,Frequency.Weekly,71,950131,31344.7,25,17512.224,50178.0,69.5,8836.760869565218,32300.0,30.0,44,7,12,0,0,8,0
6986,95,151728,48,3161,-1,9750,94,Frequency.Monthly,57,950210,26488.7,28,8910.703571428572,48906.0,9.8,7690.041379310344,27000.0,0.8,33,0,14,0,0,5,5
6294,95,79920,60,1332,1,6353,93,Frequency.Monthly,95,950210,31271.6,29,13163.36551724138,36634.5,24.3,5310.090909090909,24300.0,14.6,61,10,14,0,0,10,0
5132,95,538500,60,8975,1,817,94,Frequency.Monthly,58,950214,23271.0,22,11733.345454545455,32082.0,40.4,6523.961111111111,23800.0,14.6,35,7,10,0,0,6,0
5877,95,97224,24,4051,1,4414,93,Frequency.Monthly,112,950217,19479.6,42,5482.852380952381,16257.0,51.9,3011.4314285714286,11700.0,14.6,71,13,16,0,0,12,0
6227,95,28248,24,1177,1,6030,93,Frequency.Monthly,94,950228,33743.7,38,10476.673684210526,30055.5,26.9,6506.864285714286,23400.0,14.6,62,0,18,0,0,14,0
7241,95,168984,24,7041,-1,11021,93,Frequency.Monthly,160,950303,24304.3,74,12442.474324324325,49960.0,28.0,10423.706976744186,55200.0,2.5,102,0,38,0,0,18,2
6737,95,76680,24,3195,1,8564,93,Frequency.Monthly,143,950308,27191.2,53,13581.835849056604,57554.0,91.9,7696.064444444444,38700.0,14.6,83,13,34,0,0,13,0
7004,95,331560,60,5526,1,9869,93,Frequency.Monthly,119,950314,47992.1,40,11490.66,33276.0,36.3,5210.562025316456,24700.0,14.6,73,14,18,0,0,14,0
6169,95,103680,60,1728,-1,5700,93,Frequency.Monthly,109,950312,36427.6,44,5169.697727272727,14422.5,26.2,3034.4461538461537,13920.0,14.6,75,0,19,0,0,15,0
5208,95,99696,48,2077,-1,1247,93,Frequency.Monthly,108,950304,32966.8,45,14426.435555555556,49327.0,61.8,9781.31111111111,55900.0,0.4,81,0,14,0,0,12,1
6694,95,134784,24,5616,1,8316,94,Frequency.Monthly,55,950307,16218.7,30,8822.476666666667,43785.0,12.2,9938.224,58800.0,14.6,32,0,17,0,0,6,0
5599,95,15420,12,1285,1,3064,93,Frequency.Monthly,151,950319,31867.2,53,4776.766037735849,13881.0,22.1,2258.1755102040815,11840.0,14.6,96,17,21,0,0,17,0
6546,95,31728,24,1322,1,7607,93,Frequency.Monthly,117,950318,32802.7,41,7781.153658536586,22267.5,36.5,3766.1105263157897,19680.0,14.6,71,14,18,0,0,14,0
5414,95,185952,48,3874,1,2228,94,Frequency.Monthly,34,950325,82385.2,20,12500.505,46725.0,68.7,11973.214285714286,57400.0,1800.0,23,1,10,0,0,0,0
5453,95,156672,36,4352,1,2361,94,Frequency.Monthly,75,950331,23271.5,37,3672.618918918919,10380.0,11.2,2963.563157894737,9000.0,14.6,45,8,13,0,0,9,0
5740,95,18564,12,1547,1,3752,94,Frequency.Monthly,13,950331,43265.7,9,8607.3,25603.5,24.0,8550.0,13400.0,300.0,9,0,4,0,0,0,0
5804,95,158976,48,3312,1,4079,93,Frequency.Monthly,156,950331,18879.4,52,13041.75,48358.0,74.4,6339.340384615384,37300.0,14.6,98,14,16,0,14,14,0
6745,95,47304,24,1971,1,8625,93,Frequency.Monthly,167,950404,62458.3,76,15647.294736842105,49060.0,38.3,12381.714285714286,59900.0,14.6,104,14,34,0,0,15,0
6950,95,104712,24,4363,1,9591,93,Frequency.Monthly,191,950410,21801.2,72,16041.951388888889,49831.0,83.9,9522.850420168068,56400.0,14.6,125,22,22,0,0,22,0
6996,95,126600,24,5275,1,9828,93,Frequency.Monthly,132,950410,48720.6,46,17293.55652173913,47472.0,62.3,8683.520930232558,32400.0,14.6,92,0,22,0,0,18,0
5352,95,68400,12,5700,-1,1993,94,Frequency.Monthly,14,950331,23946.1,9,6971.8,31037.0,66.2,7760.0,15800.0,2200.0,9,0,5,0,0,0,0
6151,95,225420,60,3757,1,5628,94,Frequency.Monthly,51,950413,32403.4,22,7056.204545454545,20727.0,43.4,4235.620689655172,14800.0,14.6,37,0,9,0,0,5,0
5310,95,248148,36,6893,1,1762,93,Frequency.Monthly,120,950420,41108.6,37,9398.816216216217,28362.0,86.7,3694.5493975903614,28960.0,14.6,72,11,15,0,11,11,0
5045,95,187224,24,7801,-1,347,93,Frequency.Monthly,88,950430,50846.7,38,13214.305263157894,46293.0,16.8,9026.228,51900.0,0.2,58,0,17,0,0,12,1
6929,95,36396,12,3033,1,9472,93,Frequency.Weekly,158,950506,45480.6,56,16954.941071428573,48143.0,92.8,8862.70588235294,51700.0,30.0,98,19,22,0,0,19,0
5151,95,189060,60,3151,1,960,94,Frequency.After_Transaction,30,950516,68945.6,14,21569.60714285714,60016.0,100.5,14564.3125,40300.0,100.0,19,3,6,0,0,2,0
5212,95,71064,36,1974,1,1256,94,Frequency.Monthly,86,950516,31397.0,29,7801.575862068966,22908.0,32.3,3418.4,13600.0,14.6,57,9,12,0,0,8,0
5138,95,87216,48,1817,1,854,93,Frequency.Monthly,148,950514,26795.3,41,5670.470731707317,15608.0,25.0,1922.3738317757009,9900.0,14.6,82,16,19,0,16,15,0
5713,95,158760,60,2646,1,3629,93,Frequency.Monthly,166,950527,19182.3,55,7197.829090909091,23810.0,17.0,3393.6774774774776,17200.0,14.6,94,17,21,0,17,17,0
6704,95,417060,60,6951,1,8377,93,Frequency.Monthly,74,950531,80621.0,41,10538.953658536586,43656.0,67.8,10639.951515151515,52700.0,14.6,47,4,19,0,0,4,0
6474,95,63360,60,1056,1,7190,93,Frequency.Monthly,119,950531,25649.6,49,4125.163265306122,12138.0,51.7,2521.3942857142856,7300.0,14.6,67,16,20,0,0,16,0
6676,95,29784,24,1241,1,8159,95,Frequency.Monthly,12,950608,37920.3,9,6735.577777777778,17241.0,59.4,7566.666666666667,11300.0,3300.0,9,0,3,0,0,0,0
6965,95,139536,24,5814,1,9656,93,Frequency.Monthly,165,950607,36472.9,67,18070.405970149255,49193.0,12.2,11982.083673469388,53200.0,14.6,112,17,19,0,0,17,0
6725,95,265320,36,7370,1,8489,93,Frequency.Monthly,148,950610,35289.8,64,6441.2328125,26409.0,33.6,4487.483333333334,17700.0,14.6,75,17,40,0,0,16,0
7166,95,198240,24,8260,1,10630,95,Frequency.Monthly,16,950614,44644.2,11,7095.2,19455.0,43.0,8540.6,13000.0,2000.0,11,1,4,0,0,0,0
7138,95,60000,60,1000,1,10440,93,Frequency.Monthly,137,950630,16878.6,48,3840.34375,11049.0,41.5,1881.5528089887641,7000.0,14.6,82,17,21,0,0,17,0
5970,95,465072,48,9689,1,4774,94,Frequency.Monthly,103,950708,37152.4,38,12116.376315789474,35163.0,52.0,6511.843076923077,42880.0,14.6,60,13,17,0,0,13,0
6157,95,98592,24,4108,1,5650,95,Frequency.After_Transaction,26,950707,43871.9,13,12494.761538461538,36975.0,68.7,9120.0,24500.0,100.0,16,2,6,0,0,2,0
6153,95,285600,60,4760,1,5632,94,Frequency.Weekly,49,950713,28194.4,24,11216.0125,42729.0,31.1,9639.6,33600.0,30.0,36,0,7,0,0,6,0
5693,95,44088,24,1837,1,3489,94,Frequency.Monthly,32,950731,44383.2,17,7533.605882352941,24304.5,61.8,5580.1866666666665,18000.0,14.6,19,3,7,0,0,3,0
5922,95,20220,12,1685,1,4580,94,Frequency.Monthly,51,950731,31303.3,23,11452.434782608696,49397.0,90.7,8289.378571428571,48100.0,14.6,31,5,9,0,0,6,0
5959,95,107640,24,4485,1,4727,95,Frequency.Monthly,23,950805,65325.4,12,19481.758333333335,53613.0,69.6,15314.145454545454,46900.0,14.6,16,1,5,0,0,1,0
5980,95,21396,12,1783,1,4825,94,Frequency.Monthly,78,950816,24782.0,34,5691.885294117647,16048.0,59.2,3835.0454545454545,14075.0,14.6,54,0,14,0,0,10,0
6764,95,33984,48,708,1,8776,94,Frequency.Monthly,70,950819,44465.4,36,5087.997222222222,20196.0,18.2,4079.4764705882353,14700.0,14.6,41,0,22,0,0,7,0
5237,95,45336,24,1889,1,1375,94,Frequency.Monthly,90,950820,39839.5,33,10959.40303030303,30436.0,16.3,5645.975438596492,19900.0,14.6,52,12,15,0,0,11,0
6726,95,85860,60,1431,1,8492,94,Frequency.Monthly,96,950831,39220.2,47,3868.0851063829787,16713.0,5.0,2906.795918367347,10300.0,14.6,49,9,28,0,0,10,0
6933,95,188688,48,3931,1,9493,95,Frequency.Monthly,22,950906,23579.7,12,10950.116666666667,35378.0,70.0,10782.16,24500.0,14.6,15,1,5,0,0,1,0
5145,95,309552,48,6449,1,915,95,Frequency.Monthly,35,950915,51799.4,16,20681.70625,58041.0,55.7,14689.884210526316,50600.0,14.6,21,4,7,0,0,3,0
7008,95,36168,12,3014,1,9897,95,Frequency.Monthly,36,950917,29138.1,15,9289.213333333333,27122.0,64.2,5247.628571428571,18500.0,14.6,23,2,6,0,3,2,0
7227,95,314520,60,5242,1,10942,94,Frequency.Weekly,130,950930,50487.0,56,18056.9125,49457.0,88.2,12982.432432432432,56700.0,30.0,89,12,16,0,0,13,0
6600,95,21852,36,607,1,7861,95,Frequency.Monthly,18,951005,42899.4,12,8711.658333333333,27736.5,27.8,10273.433333333332,18100.0,14.6,11,0,5,0,1,1,0
6712,95,266220,60,4437,1,8405,94,Frequency.Monthly,144,951012,38159.6,53,7942.118867924528,33190.0,83.4,4206.287912087912,23840.0,14.6,74,13,32,0,13,12,0
7057,95,231696,36,6436,1,10093,94,Frequency.Weekly,126,951010,47174.7,34,20382.055882352943,60566.0,102.1,7099.076086956522,36000.0,30.0,77,11,15,0,12,11,0
7176,95,260028,36,7223,1,10663,93,Frequency.Monthly,161,951014,69850.9,47,22177.26170212766,65008.0,150.1,8530.528070175438,51700.0,14.6,105,18,21,0,0,17,0
7304,95,419880,60,6998,1,11349,95,Frequency.Weekly,18,951023,24704.4,11,21108.227272727272,62982.0,39.0,29640.85714285714,64800.0,8500.0,13,1,4,0,0,0,0
6362,95,37908,12,3159,1,6738,94,Frequency.Monthly,76,951021,46113.5,31,9919.53870967742,28431.0,14.1,5808.711111111111,22479.0,14.6,52,0,14,0,0,10,0
5880,95,73836,36,2051,1,4423,95,Frequency.Monthly,19,951026,67453.1,14,13746.65,44281.0,19.1,25000.0,37000.0,20100.0,14,0,5,0,0,0,0
6535,95,41952,12,3496,1,7546,94,Frequency.Monthly,105,951031,24672.8,31,10373.63870967742,31462.0,71.6,4012.2972972972975,25400.0,14.6,61,10,14,0,10,10,0
5449,95,99336,24,4139,1,2343,94,Frequency.Monthly,52,951031,30824.1,24,5352.908333333334,16866.0,58.5,3487.342857142857,11900.0,14.6,30,6,10,0,0,6,0
6342,95,60156,36,1671,-1,6609,95,Frequency.Monthly,56,951110,132316.8,26,18483.85769230769,49767.0,15.9,13795.58,53600.0,14.6,41,4,7,0,0,4,0
5409,95,182040,60,3034,1,2218,94,Frequency.Monthly,59,951117,38747.5,24,22366.575,61557.0,67.2,14230.005714285715,53500.0,14.6,41,0,11,0,0,7,0
6955,95,244368,48,5091,1,9627,94,Frequency.After_Transaction,144,951119,86194.1,64,20764.9109375,49769.0,200.0,15534.5,57200.0,100.0,114,0,15,0,0,15,0
6985,95,113796,36,3161,1,9731,94,Frequency.After_Transaction,72,951110,34054.0,25,9973.764,28446.0,104.9,4580.63829787234,21074.0,100.0,46,8,11,0,0,7,0
5125,95,73056,48,1522,1,789,95,Frequency.Monthly,51,951112,21545.7,23,3179.508695652174,8538.0,15.7,1842.25,7100.0,14.6,32,5,9,0,0,5,0
5805,95,137904,24,5746,-1,4081,95,Frequency.Monthly,12,951119,35159.7,9,6195.533333333334,11878.0,29.4,6866.666666666667,9000.0,3500.0,9,0,3,0,0,0,0
6185,95,31176,24,1299,1,5774,95,Frequency.Monthly,23,951117,50647.1,12,10761.475,29418.0,71.1,7135.509090909091,16900.0,14.6,16,1,5,0,0,1,0
7243,95,217152,36,6032,1,11042,95,Frequency.Monthly,57,951130,42279.3,21,18197.285714285714,54286.0,4.4,9440.655555555555,34200.0,14.6,35,6,10,0,0,6,0
6403,95,194880,48,4060,1,6924,94,Frequency.Monthly,113,951130,31021.6,37,12922.227027027027,36536.0,108.1,5883.097368421053,23532.0,14.6,67,14,18,0,0,14,0
6578,95,27984,12,2332,1,7765,94,Frequency.Weekly,76,951207,18380.5,30,9539.813333333334,47513.0,56.9,5822.04347826087,25700.0,30.0,41,10,16,0,0,9,0
5413,95,92976,24,3874,1,2227,94,Frequency.Weekly,109,951211,21531.8,50,13338.338,48996.0,66.1,10938.728813559323,45500.0,30.0,71,11,16,0,0,11,0
6949,95,104712,24,4363,1,9583,94,Frequency.Weekly,108,951211,30115.3,50,13282.386,48996.0,66.1,10931.103448275862,44800.0,30.0,70,11,16,0,0,11,0
6545,95,191880,60,3198,1,7606,95,Frequency.Monthly,87,951211,78521.0,35,16177.397142857142,46829.0,71.8,9378.611538461539,59200.0,14.6,62,8,9,0,0,8,0
6178,95,232560,48,4845,1,5742,95,Frequency.After_Transaction,27,951214,41243.5,14,14073.042857142857,39741.0,107.8,11983.0,37300.0,100.0,19,0,5,0,0,3,0
5160,95,204000,60,3400,1,1011,94,Frequency.Monthly,65,951212,37992.7,25,10772.44,30604.0,49.3,5782.955,16100.0,14.6,39,8,11,0,0,7,0
6785,95,125340,60,2089,1,8899,94,Frequency.Weekly,127,951212,19007.0,57,10958.024561403508,49974.0,69.3,8651.42857142857,45200.0,30.0,73,13,28,0,0,13,0
6540,95,309600,48,6450,1,7562,95,Frequency.Weekly,56,951223,35488.1,22,21228.227272727272,58052.0,64.8,12692.14705882353,34700.0,30.0,40,0,10,0,0,6,0
6589,96,189696,24,7904,1,7815,95,Frequency.Weekly,89,951231,88632.1,30,18658.64,49775.0,152.6,7985.203389830508,57600.0,30.0,56,8,9,0,8,8,0
5900,96,135360,48,2820,1,4503,95,Frequency.Monthly,77,951231,54868.9,32,18854.3875,48633.0,65.4,12188.253333333334,46400.0,14.6,57,0,11,0,0,9,0
5999,96,98832,48,2059,1,4907,94,Frequency.Monthly,177,951231,27169.8,50,8028.006,23282.0,38.1,2946.696062992126,22240.0,14.6,98,18,23,0,19,19,0
6043,96,20352,48,424,1,5126,95,Frequency.Monthly,48,960108,21281.5,22,4421.572727272727,12549.0,24.4,2922.8076923076924,9600.0,14.6,29,5,9,0,0,5,0
5482,96,165120,60,2752,1,2496,94,Frequency.Monthly,116,960111,23825.4,50,3959.488,11210.0,31.0,2654.9848484848485,6300.0,14.6,67,15,19,0,0,15,0
7263,96,89880,24,3745,1,11138,95,Frequency.Weekly,29,960115,39079.5,13,16579.96153846154,46981.0,26.2,11028.75,47100.0,30.0,22,0,5,0,0,2,0
6013,96,128988,36,3583,-1,4995,94,Frequency.Weekly,82,960131,9710.2,35,8997.414285714285,42530.0,1.5,6494.236170212766,27600.0,0.1,53,0,18,0,0,10,1
5750,96,63252,12,5271,1,3804,94,Frequency.Monthly,164,960207,49709.2,48,16674.810416666667,47436.0,106.4,6471.394827586207,31800.0,14.6,106,18,22,0,0,18,0
6027,96,61656,24,2569,-1,5066,95,Frequency.Weekly,12,960202,59695.5,9,13988.388888888889,47337.0,36.9,22066.666666666668,31400.0,13800.0,9,0,3,0,0,0,0
6303,96,72408,24,3017,-1,6400,95,Frequency.After_Transaction,13,960206,36363.9,9,12129.322222222223,49634.0,96.5,18200.0,32700.0,8700.0,9,0,4,0,0,0,0
7213,96,113544,36,3154,1,10884,95,Frequency.Monthly,71,960210,13386.8,26,9068.926923076922,28386.0,29.2,4942.337777777778,20900.0,14.6,46,7,11,0,0,7,0
6659,96,56100,60,935,1,8092,95,Frequency.Monthly,68,960212,15407.2,28,4958.146428571428,13986.0,43.6,3085.52,10700.0,14.6,39,9,12,0,0,8,0
6175,96,290700,60,4845,-1,5735,95,Frequency.Monthly,100,960219,11574.8,42,17131.333333333332,49763.0,5.1,12205.881034482758,56400.0,9.9,74,0,13,0,0,12,1
5610,96,123216,48,2567,1,3112,94,Frequency.Monthly,128,960222,77580.8,48,16989.977083333335,48959.0,54.9,9224.225,59200.0,14.6,89,11,18,0,0,10,0
5563,96,380160,60,6336,1,2912,94,Frequency.Monthly,109,960221,24549.6,47,18684.478723404256,48887.0,88.4,13768.077419354839,62500.0,14.6,81,0,15,0,0,13,0
5989,96,213300,36,5925,1,4852,95,Frequency.Monthly,59,960229,27326.7,27,4581.6407407407405,13600.0,43.4,3011.8,8160.0,14.6,38,5,10,0,0,6,0
6698,96,247728,48,5161,1,8327,95,Frequency.Weekly,50,960309,52551.7,23,14307.730434782608,48620.0,32.1,10241.703703703704,57900.0,30.0,32,3,12,0,0,3,0
5312,96,202788,36,5633,1,1772,95,Frequency.Weekly,79,960312,81623.6,26,26091.91153846154,72298.0,51.3,11259.735849056604,45200.0,30.0,50,9,12,0,0,8,0
7189,96,154656,48,3222,1,10728,94,Frequency.Monthly,89,960317,37180.5,32,9834.021875,28994.0,28.5,4868.561403508772,17585.0,14.6,55,10,14,0,0,10,0
6816,96,100224,48,2088,-1,9017,95,Frequency.Monthly,18,960321,31387.1,15,4005.806666666667,18792.0,26.5,9566.666666666666,15100.0,6600.0,9,0,9,0,0,0,0
6137,96,44628,12,3719,1,5574,94,Frequency.Weekly,146,960408,80439.7,43,25106.972093023254,71565.0,95.5,9700.582524271844,59000.0,30.0,94,16,20,0,0,16,0
5128,96,215616,48,4492,-1,808,95,Frequency.Monthly,61,960408,8640.6,30,5505.576666666667,23130.0,31.1,5049.245161290322,18700.0,6.8,31,5,18,0,0,5,2
5470,96,200976,48,4187,1,2456,95,Frequency.Monthly,35,960414,47431.4,17,12752.429411764706,37686.0,60.7,9408.877777777778,26600.0,14.6,22,3,7,0,0,3,0
5593,96,277884,36,7719,-1,3037,94,Frequency.Monthly,117,960415,11614.0,46,13759.673913043478,47031.0,15.0,8751.140845070422,53200.0,14.6,69,13,20,0,0,15,0
5350,96,249312,48,5194,1,1967,95,Frequency.Weekly,60,960418,55426.5,30,10919.69,47112.0,45.7,9072.133333333333,32100.0,30.0,35,6,13,0,0,6,0
6063,96,320976,48,6687,-1,5213,95,Frequency.Monthly,50,960417,46462.2,23,17416.52608695652,70071.0,68.7,13115.474074074074,49700.0,14.6,33,0,14,0,0,3,0
6501,96,30276,12,2523,-1,7418,95,Frequency.Monthly,92,960411,24930.3,58,4202.679310344827,22708.0,44.8,6436.023529411765,18500.0,14.6,40,8,36,0,0,8,0
5452,96,49440,60,824,1,2352,95,Frequency.Monthly,110,960415,45021.6,31,10568.796774193548,30378.0,28.7,3577.3544303797466,20000.0,4.0,65,11,14,0,10,10,0
4961,96,30276,12,2523,-1,19,95,Frequency.Monthly,80,960410,15854.0,46,5264.765217391305,22708.0,47.1,6656.611764705883,18200.0,14.6,40,8,24,0,0,8,0
4973,96,165960,24,6915,1,67,94,Frequency.Monthly,125,960430,23689.2,37,21979.508108108108,62235.0,57.8,8972.186363636363,41400.0,14.6,79,14,18,0,0,14,0
6190,96,123600,60,2060,1,5794,95,Frequency.Monthly,49,960430,15520.2,20,11561.24,47109.0,14.8,7438.5931034482755,43300.0,14.6,32,0,10,0,0,7,0
6715,96,220620,60,3677,1,8411,94,Frequency.Monthly,128,960430,26332.6,54,7748.148148148148,33096.0,96.5,5296.902702702702,20500.0,14.6,69,12,34,0,0,13,0
5892,96,66480,24,2770,-1,4462,95,Frequency.Weekly,10,960430,34891.2,7,12213.028571428571,49631.0,20.0,16866.666666666668,28000.0,7600.0,7,0,3,0,0,0,0
6550,96,320592,48,6679,1,7614,95,Frequency.Monthly,88,960508,69148.6,30,21503.09,60108.0,91.6,9930.068965517241,46600.0,14.6,64,0,14,0,0,10,0
5706,96,161496,36,4486,1,3608,94,Frequency.Weekly,130,960521,29371.5,52,8837.951923076924,42094.0,8.0,5515.410256410257,64900.0,30.0,72,19,20,0,0,19,0
5148,96,284280,60,4738,1,940,94,Frequency.Monthly,94,960512,94617.3,36,20623.95,56756.0,93.6,11169.737931034482,56800.0,14.6,64,0,17,0,0,13,0
6734,96,173016,36,4806,1,8547,95,Frequency.Weekly,94,960526,113931.6,47,14459.529787234043,49769.0,39.4,12580.127659574468,62700.0,30.0,68,0,18,0,0,8,0
6109,96,368880,60,6148,1,5422,94,Frequency.Monthly,182,960531,105712.4,58,19070.65344827586,49781.0,9.7,8067.622580645161,64500.0,14.6,113,16,20,0,16,17,0
6961,96,176148,36,4893,1,9645,96,Frequency.Monthly,13,960531,53592.6,9,15688.077777777778,34881.0,34.9,21900.0,30400.0,5600.0,9,0,4,0,0,0,0
6810,96,186384,48,3883,1,9006,94,Frequency.Weekly,190,960531,21003.8,82,13975.69512195122,49424.0,67.1,10416.694444444445,60600.0,30.0,109,19,42,0,0,20,0
5494,96,360000,48,7500,1,2572,94,Frequency.After_Transaction,136,960609,64765.2,57,18340.457894736843,73228.0,94.6,12413.172151898734,59500.0,0.3,80,0,36,0,0,14,6
5311,96,30060,60,501,1,1766,94,Frequency.Monthly,186,960613,48523.3,45,10581.04,29412.0,50.3,3032.7886524822693,20000.0,14.6,114,17,21,0,17,17,0
5445,96,46320,24,1930,1,2322,95,Frequency.Monthly,178,960625,23552.7,48,15197.84375,49053.0,28.9,5430.335384615385,61600.0,14.6,113,16,17,0,16,16,0
5301,96,141948,36,3943,1,1698,96,Frequency.Monthly,10,960630,47239.7,7,9777.114285714286,28840.0,49.6,7066.666666666667,16200.0,200.0,7,0,3,0,0,0,0
7034,96,19044,36,529,1,10001,95,Frequency.Monthly,69,960706,50167.6,29,8717.206896551725,24126.0,14.2,5065.785,22300.0,14.6,47,0,13,0,0,9,0
6751,96,85716,36,2381,1,8680,96,Frequency.Monthly,19,960711,52416.9,15,5781.133333333333,21430.0,52.5,12550.0,15900.0,7600.0,11,0,8,0,0,0,0
6667,96,155880,24,6495,1,8127,94,Frequency.Monthly,142,960707,44564.6,51,17472.988235294117,49818.0,104.4,9302.83076923077,60700.0,14.6,92,16,18,0,0,16,0
6130,96,32640,48,680,1,5541,95,Frequency.Monthly,107,960717,18800.0,39,4044.6846153846154,11200.0,20.7,2043.2735294117647,20700.0,14.6,70,11,15,0,0,11,0
5429,96,20196,36,561,1,2268,95,Frequency.Monthly,96,960713,65684.6,34,12967.817647058824,35469.0,57.8,6051.9548387096775,24500.0,14.6,55,13,16,0,0,12,0
5725,96,444864,48,9268,1,3679,95,Frequency.Monthly,64,960719,41743.9,27,8397.544444444444,25862.0,50.4,4999.718918918919,16300.0,14.6,42,6,10,0,0,6,0
6019,96,11400,12,950,1,5033,95,Frequency.Monthly,77,960718,27820.2,29,3711.3310344827587,10734.0,24.1,1662.6708333333333,6700.0,14.6,43,8,11,0,8,7,0
6421,96,96768,36,2688,1,6985,95,Frequency.Monthly,66,960721,37396.4,28,16277.060714285713,48172.0,13.4,11009.505263157895,64100.0,14.6,41,7,11,0,0,7,0
6992,96,133968,48,2791,1,9790,95,Frequency.Monthly,79,960714,34729.5,23,17825.64347826087,49512.0,61.0,6701.075,60800.0,14.6,48,8,8,0,8,7,0
5136,96,187104,24,7796,1,846,96,Frequency.Monthly,25,960721,86877.7,16,18044.1875,43502.0,2.5,22425.466666666667,49500.0,14.6,19,0,4,0,0,2,0
5337,96,162468,36,4513,1,1886,96,Frequency.Monthly,15,960716,74638.8,10,15043.88,40614.0,70.9,15160.0,34500.0,1100.0,11,0,4,0,0,0,0
5495,96,89340,60,1489,1,2580,95,Frequency.Monthly,44,960731,41537.2,20,6166.78,17313.0,31.8,3408.875,8200.0,14.6,25,5,9,0,0,5,0
7013,96,89340,60,1489,1,9928,95,Frequency.Monthly,44,960731,42242.2,20,6167.025,17313.0,31.8,3379.7083333333335,8200.0,14.6,25,5,9,0,0,5,0
6012,96,258444,36,7179,1,4994,96,Frequency.Weekly,16,960731,53892.1,12,8032.675,31830.0,141.4,10625.0,14600.0,5200.0,11,0,5,0,0,0,0
6471,96,155640,24,6485,1,7184,95,Frequency.Monthly,105,960731,40509.2,27,12015.777777777777,34486.0,38.6,3640.146153846154,21700.0,14.6,65,9,13,0,9,9,0
6296,96,270384,48,5633,1,6358,95,Frequency.Monthly,87,960805,57835.1,32,17764.690625,50696.0,25.6,9284.272727272728,30800.0,14.6,53,10,14,0,0,10,0
7305,96,54024,12,4502,1,11359,94,Frequency.Monthly,147,960731,25682.6,45,14509.608888888888,40521.0,67.3,6149.507843137255,30100.0,14.6,90,17,22,0,0,18,0
6144,96,44376,12,3698,1,5593,96,Frequency.Monthly,39,960808,68241.5,18,18505.683333333334,49412.0,108.4,12612.419047619047,54100.0,14.6,27,4,5,0,0,3,0
6283,96,85632,48,1784,1,6289,95,Frequency.Monthly,85,960810,117238.7,38,18351.102631578946,49917.0,135.9,12710.702127659575,60800.0,14.6,60,0,15,0,0,10,0
7246,96,148920,60,2482,1,11054,96,Frequency.Weekly,31,960818,15278.6,16,8064.7875,22338.0,50.5,7583.866666666667,22780.0,30.0,20,3,6,0,0,2,0
5088,96,91152,24,3798,1,544,95,Frequency.Monthly,77,960819,39378.8,31,12375.087096774194,34184.0,69.6,7483.673913043478,26700.0,14.6,53,0,14,0,0,10,0
5988,96,141648,24,5902,1,4851,96,Frequency.Monthly,18,960818,123310.1,13,13177.707692307693,42127.0,55.6,16520.0,34600.0,1800.0,13,0,5,0,0,0,0
5282,96,388512,48,8094,-1,1583,94,Frequency.After_Transaction,120,960808,38697.3,54,8491.0,40855.0,21.7,6360.860606060606,44700.0,2.4,75,0,21,0,0,20,4
5938,96,402000,60,6700,1,4650,95,Frequency.Monthly,54,960814,17232.1,29,3118.0344827586205,9500.0,34.9,2927.64,9100.0,14.6,35,5,9,0,0,5,0
5606,96,253512,36,7042,-1,3084,96,Frequency.Weekly,29,960825,13318.4,14,12261.32142857143,40419.0,13.4,10556.0,30200.0,30.0,19,2,6,0,0,2,0
5385,96,71460,36,1985,1,2143,96,Frequency.Monthly,31,960831,49663.5,16,11367.79375,33669.0,84.1,8815.72,26600.0,14.6,18,3,7,0,0,3,0
6865,96,29448,12,2454,-1,9199,96,Frequency.Monthly,11,960906,43790.6,9,7487.844444444445,22090.0,63.8,11800.0,13900.0,9700.0,7,0,4,0,0,0,0
5586,96,48744,36,1354,1,2994,96,Frequency.Monthly,14,960912,62891.3,11,10108.3,28603.5,53.7,16100.0,18600.0,13000.0,10,0,4,0,0,0,0
6302,96,181020,60,3017,1,6397,95,Frequency.Monthly,93,960906,42526.0,37,9716.021621621621,27150.0,52.9,5660.121428571429,19900.0,14.6,63,0,17,0,0,13,0
7194,96,68832,36,1912,1,10762,95,Frequency.Monthly,53,960912,51540.7,24,9718.266666666666,28353.0,28.1,6265.434482758621,24000.0,14.6,31,6,10,0,0,6,0
6461,96,74124,36,2059,1,7136,95,Frequency.Weekly,122,960910,25658.0,39,14442.828205128206,49816.0,60.9,6477.253012048192,43200.0,30.0,74,11,15,0,11,11,0
6732,96,174048,48,3626,1,8533,95,Frequency.Monthly,69,960913,54140.4,38,12971.792105263157,49461.0,146.2,14154.438709677419,46800.0,14.6,47,0,16,0,0,6,0
6613,96,84120,24,3505,1,7926,96,Frequency.Weekly,19,960920,63952.9,12,14356.908333333333,47952.0,65.8,15475.714285714286,36300.0,30.0,15,0,3,0,0,1,0
7036,96,194940,36,5415,1,10019,95,Frequency.Monthly,91,960914,34212.3,38,15618.807894736841,48883.0,1.3,10552.871698113207,58700.0,14.6,64,0,15,0,0,12,0
5897,96,15192,24,633,1,4476,94,Frequency.Monthly,169,960919,17351.9,47,7555.3234042553195,21513.0,72.8,2768.427868852459,14000.0,14.6,95,18,21,0,18,17,0
6995,96,96168,12,8014,1,9814,95,Frequency.Weekly,149,960925,3609.3,84,7330.079761904762,46253.0,24.8,9417.184615384615,53500.0,30.0,76,0,57,0,0,16,0
5415,96,139464,36,3874,-1,2236,95,Frequency.Monthly,31,960920,65062.8,19,7729.642105263158,36854.0,20.2,8766.666666666666,23400.0,400.0,19,0,12,0,0,0,0
7136,96,54396,36,1511,1,10436,96,Frequency.Monthly,23,960918,36208.8,14,4458.814285714286,11244.0,27.8,2912.733333333333,5400.0,14.6,17,0,5,0,0,1,0
7271,96,392460,60,6541,1,11186,94,Frequency.Monthly,143,960930,53245.1,46,20602.67391304348,58870.0,43.2,9221.420618556702,35300.0,14.6,85,18,22,0,0,18,0
5375,96,101520,12,8460,1,2106,96,Frequency.Monthly,38,960930,16735.4,18,6132.844444444445,18513.0,33.0,4683.52,10000.0,14.6,22,4,8,0,0,4,0
5635,96,77184,36,2144,1,3230,95,Frequency.Monthly,77,961001,22446.0,36,15884.205555555556,48447.0,36.3,13399.643902439024,63600.0,14.6,52,0,16,0,0,9,0
6817,96,70656,48,1472,1,9024,96,Frequency.Monthly,53,961001,22476.1,29,5128.586206896552,22317.0,37.4,5260.541666666667,26080.0,14.6,26,4,18,0,0,5,0
5923,96,64656,48,1347,1,4585,96,Frequency.Monthly,12,961007,44749.0,9,6738.766666666666,13609.0,62.9,5300.0,5700.0,4600.0,9,0,3,0,0,0,0
5329,96,396120,60,6602,1,1862,95,Frequency.Weekly,95,961008,88610.1,36,21574.036111111112,59415.0,79.1,11661.949152542373,37300.0,30.0,65,0,17,0,0,13,0
6644,96,93600,24,3900,1,8039,95,Frequency.Monthly,55,961014,26235.8,21,10912.82380952381,45287.0,52.1,5968.629411764706,42900.0,14.6,31,5,10,0,5,4,0
6354,96,22968,36,638,1,6688,96,Frequency.Monthly,11,961012,38831.0,10,4243.1,8200.0,16.3,3600.0,3600.0,3600.0,8,0,3,0,0,0,0
5082,96,262980,60,4383,1,501,95,Frequency.Monthly,56,961016,76081.3,24,10113.641666666666,44022.0,66.3,5207.6875,22300.0,14.6,35,0,11,0,0,10,0
6585,96,372120,60,6202,1,7795,95,Frequency.Monthly,172,961026,46580.5,71,18717.614084507044,48768.0,27.1,12696.732673267326,63300.0,14.6,131,0,21,0,0,20,0
6921,96,86184,12,7182,1,9422,96,Frequency.Monthly,42,961028,43157.5,16,23035.90625,64642.0,105.0,12516.030769230769,50500.0,14.6,29,3,7,0,0,3,0
5366,96,86184,12,7182,1,2062,96,Frequency.Monthly,42,961028,39660.8,16,23036.1125,64642.0,105.0,12650.646153846154,50500.0,14.6,29,3,7,0,0,3,0
5886,96,192744,36,5354,1,4447,96,Frequency.Monthly,26,961015,36199.1,13,16504.253846153846,49871.0,16.8,14365.861538461539,34100.0,14.6,20,0,4,0,0,2,0
5741,96,68544,24,2856,1,3754,96,Frequency.Weekly,54,961031,23759.8,17,14909.758823529412,44342.0,48.2,6209.081081081081,34800.0,30.0,35,3,8,0,4,4,0
4996,96,88440,12,7370,1,132,96,Frequency.After_Transaction,31,961031,78907.6,16,16852.55,47976.0,116.9,12715.533333333333,35100.0,100.0,21,0,6,0,0,4,0
6015,96,110112,24,4588,1,5001,95,Frequency.Monthly,82,961102,106858.1,37,20541.95945945946,45549.0,105.0,14515.426666666666,52500.0,14.6,59,6,10,0,0,7,0
6309,96,110136,24,4589,1,6434,95,Frequency.Monthly,63,961108,40746.5,29,13368.28275862069,45640.0,83.5,10203.929411764706,60700.0,14.6,39,6,12,0,0,6,0
6073,96,276300,60,4605,1,5263,95,Frequency.Monthly,92,961111,27578.1,45,3480.1955555555555,8888.0,23.2,2745.331914893617,5760.0,14.6,55,11,15,0,0,11,0
6006,96,359760,60,5996,1,4948,95,Frequency.Monthly,48,961110,39959.4,25,8558.236,37346.0,21.9,7565.060869565217,51700.0,14.6,32,4,8,0,0,4,0
5611,96,321180,60,5353,1,3115,96,Frequency.Monthly,38,961108,51906.5,17,16276.9,48180.0,17.7,11405.895238095238,34000.0,14.6,24,4,7,0,0,3,0
6944,96,46176,48,962,1,9548,96,Frequency.Monthly,17,961112,38725.1,11,8385.281818181818,18109.0,64.5,8918.833333333334,13400.0,700.0,12,1,4,0,0,0,0
7101,96,421008,48,8771,1,10297,96,Frequency.Monthly,50,961114,31168.0,22,10392.413636363637,31540.0,44.9,7052.321428571428,19100.0,14.6,30,6,9,0,0,5,0
6599,96,72120,12,6010,1,7859,95,Frequency.Monthly,102,961115,98631.7,40,19563.4225,54092.0,92.7,11030.725806451614,50700.0,14.6,68,0,19,0,0,15,0
6940,96,228276,36,6341,1,9510,96,Frequency.Monthly,20,961110,53707.9,13,7594.046153846154,22288.0,66.5,6430.657142857143,9100.0,14.6,14,0,5,0,0,1,0
5209,96,182640,48,3805,1,1250,96,Frequency.Monthly,40,961123,23898.3,17,11558.894117647058,34246.0,11.5,7504.469565217391,23900.0,14.6,27,3,7,0,0,3,0
5388,96,61560,12,5130,1,2153,96,Frequency.Weekly,71,961113,20051.1,22,16171.554545454546,46166.0,79.1,6851.489795918367,30200.0,30.0,42,7,10,0,6,6,0
6011,96,179328,48,3736,1,4981,96,Frequency.Monthly,52,961117,36074.7,21,11922.27619047619,34960.0,35.6,6912.677419354839,23040.0,14.6,32,6,9,0,0,5,0
5591,96,155616,48,3242,1,3021,96,Frequency.Monthly,30,961203,24447.1,16,9343.175,29176.0,35.6,8931.7,21800.0,14.6,20,0,7,0,0,3,0
7154,96,417600,60,6960,1,10520,95,Frequency.After_Transaction,34,961203,58638.6,21,8001.857142857143,36305.0,175.0,8415.384615384615,31700.0,100.0,20,0,13,0,0,1,0
7130,96,123408,24,5142,1,10411,95,Frequency.After_Transaction,65,961209,8357.1,25,7693.968,46000.0,67.5,4599.8,27400.0,100.0,35,6,12,0,6,6,0
6818,96,155616,48,3242,1,9030,95,Frequency.Monthly,172,961211,60694.1,70,6448.582857142857,26388.0,23.7,3830.458823529412,36960.0,14.6,92,18,44,0,0,18,0
5625,96,222180,60,3703,-1,3189,95,Frequency.Monthly,59,961210,59578.8,28,13417.557142857142,44352.0,103.2,10197.18064516129,52600.0,14.6,41,0,12,0,0,6,0
6805,96,45024,48,938,1,8972,96,Frequency.Monthly,39,961217,38384.3,20,8544.93,31636.5,41.0,6974.4315789473685,22100.0,14.6,22,3,12,0,0,2,0
7233,96,115812,36,3217,1,10963,95,Frequency.Monthly,124,961218,41878.1,51,16554.986274509803,49887.0,51.1,10992.139726027397,50800.0,14.6,88,0,19,0,0,17,0
7308,96,129408,24,5392,1,11362,95,Frequency.Monthly,107,961210,24199.5,29,8811.758620689656,24212.0,50.1,2965.9153846153845,16100.0,14.6,65,10,13,0,10,9,0
