loan_id,loan_dates_year,loan_ammounts,loan_durations,loan_payments,loan_status,account_dates_yymd,transactions_number_per_account,last_transaction_date_per_account,transactions_last_balance_per_account,no_transactions_type_credit_per_account,no_transactions_type_withdrawal_per_account,avg_amount_of_transaction_credit_per_account,median_amount_of_transaction_credit_per_account,max_amount_of_transaction_credit_per_account,min_amount_of_transaction_credit_per_account,variance_amount_of_transaction_credit_per_account,avg_amount_of_transaction_withdrawal_per_account,median_amount_of_transaction_withdrawal_per_account,max_amount_of_transaction_withdrawal_per_account,min_amount_of_transaction_withdrawal_per_account,variance_amount_of_transaction_withdrawal_per_account,no_k_na_of_transaction_per_account,no_k_household_of_transaction_per_account,no_k_interest_credited_of_transaction_per_account,no_k_old_age_pension_of_transaction_per_account,no_k_insurrance_payment_of_transaction_per_account,no_k_payment_for_statement_of_transaction_per_account,no_k_sanction_interest_if_negative_balance_of_transaction_per_account,owner_gender_per_account,owner_birth_year_per_account,owner_district_n_inhab_per_account,owner_district_n_mun_inhab_0_499_per_account,owner_district_n_mun_inhab_500_1999_per_account,owner_district_n_mun_inhab_2000_9999_per_account,owner_district_n_mun_inhab_10000_inf_per_account,owner_district_n_cities_per_account,owner_district_ratio_urban_inhab_per_account,owner_district_average_salary_per_account,owner_district_unemploymant_95_per_account,owner_district_unemploymant_96_per_account,owner_district_n_enterp_per_1000_per_account,owner_district_n_crimes_95_per_account,owner_district_n_crimes_96_per_account
5314,93,96396,12,8033,-1,930322,4,930620,20100.0,4,0,5025.0,4550.0,9900.0,1100.0,10686875.0,0,0,0,0,0,4,0,0,0,0,0,0,1,47,94812,15,13,8,2,10,81.8,9650,3.38,3.67,100,2985,2804
5316,93,165960,36,4610,1,930213,37,930709,52208.9,17,20,13523.2,8368.0,36574.0,2.9,184420316.2,8884.2,3793.0,54300.0,14.6,188195011.5,24,2,5,0,3,3,0,0,68,112709,48,20,7,3,10,73.5,8369,1.79,2.31,117,2854,2618
6863,93,127080,60,2118,1,930208,24,930721,20272.8,15,9,5009.7,139.8,19065.0,48.6,43173007.4,6097.0,5300.0,14800.0,66.0,25829512.4,14,1,8,0,1,0,0,0,36,77917,85,19,6,1,5,53.5,8390,2.28,2.89,132,2080,2122
5325,93,105804,36,2939,1,930130,25,930731,34307.3,13,12,9254.6,3900.0,26448.0,132.8,88988984.8,7168.1,6994.0,15600.0,14.6,22181050.6,16,2,5,0,0,2,0,1,40,177686,69,27,10,1,9,74.8,10045,1.42,1.71,135,6604,6295
7240,93,274740,60,4579,1,930214,27,930831,41112.9,13,14,21255.9,600.0,63366.0,77.1,543464166.3,16801.0,12199.5,36700.0,30.0,181530351.7,18,1,6,0,0,2,0,0,78,86513,38,36,5,1,5,50.5,8288,3.79,4.52,110,1562,1460
6687,93,87840,24,3660,1,930512,17,930909,43847.8,14,3,7332.0,263.4,32938.0,51.3,127413459.3,19600.0,21600.0,22000.0,15200.0,9706666.7,9,0,8,0,0,0,0,1,80,53921,61,22,1,1,2,41.3,8598,2.77,3.26,123,1597,1875
7284,93,52788,12,4399,1,930114,43,930911,21029.0,21,22,4304.0,3700.0,11427.0,43.9,14341664.3,3152.5,2607.0,17920.0,14.6,14140304.5,29,4,7,0,0,3,0,0,73,58796,22,16,7,1,5,51.9,9045,3.13,3.6,124,1845,1879
6111,93,174744,24,7281,-1,930414,32,930921,58140.9,16,16,13374.9,5634.0,47436.0,77.8,250564485.2,9741.0,5100.0,52600.0,14.6,171120559.7,20,4,5,0,0,3,0,1,48,122603,25,21,6,2,8,80.0,8991,1.39,2.01,128,5198,5273
7235,93,154416,48,3217,1,930420,32,931008,53402.7,16,16,11409.0,5951.0,39098.0,13.6,163648007.8,8071.3,6450.0,19200.0,30.0,45824406.1,22,0,6,0,0,4,0,1,69,70699,60,13,2,1,4,65.3,8968,2.83,3.35,131,1740,1910
5997,93,117024,24,4876,1,930620,13,931031,53193.5,9,4,13154.8,800.0,29255.0,45.1,207412324.8,16300.0,19550.0,24000.0,2100.0,74575000.0,9,0,4,0,0,0,0,0,35,177686,69,27,10,1,9,74.8,10045,1.42,1.71,135,6604,6295
7121,93,21924,36,609,1,930117,45,931107,49083.3,21,24,7551.7,4200.0,21739.5,38.3,56401079.1,4562.6,4950.0,17200.0,14.6,20415565.0,26,5,9,0,0,5,0,0,60,157042,49,70,18,0,9,33.9,8743,1.88,2.43,111,3659,3894
6077,93,79608,24,3317,1,930113,53,931116,103745.7,22,31,23558.3,22774.5,67124.0,110.2,560092276.3,13372.1,10200.0,51700.0,14.6,177122958.9,37,0,10,0,0,6,0,0,70,105606,77,26,7,2,7,53.0,8254,2.79,3.76,97,2166,2325
6228,93,464520,60,7742,-1,930319,68,931130,121570.3,31,37,16035.6,15436.0,47757.0,42.4,226476477.4,11073.8,8500.0,41000.0,30.0,95997168.5,52,0,9,0,0,7,0,1,40,148545,8,35,12,3,4,53.5,8909,4.01,5.56,113,3460,3590
6356,93,95400,36,2650,1,930315,47,931130,27697.0,22,25,11706.6,7262.0,35760.0,23.6,161882886.4,9195.1,2700.0,33500.0,30.0,136184257.0,32,0,9,0,0,6,0,0,71,95616,65,30,4,1,6,51.4,9307,3.85,4.43,118,2616,3040
5523,93,93888,36,2608,1,930705,19,931202,34716.3,12,7,7084.7,3000.0,15649.0,48.0,54316438.9,7185.7,3900.0,15500.0,100.0,31812653.1,13,0,5,0,0,1,0,1,50,86513,38,36,5,1,5,50.5,8288,3.79,4.52,110,1562,1460
6456,93,47016,12,3918,1,930414,42,931205,58773.2,22,20,13031.1,7967.0,47705.0,32.8,212972974.5,11395.5,8393.0,51800.0,100.0,148137001.8,26,4,8,0,0,4,0,1,57,112709,48,20,7,3,10,73.5,8369,1.79,2.31,117,2854,2618
7104,93,259740,60,4329,1,930711,17,931210,67219.5,10,7,14443.4,13386.5,38960.0,75.3,213098054.0,11030.6,11700.0,21500.0,1300.0,39187550.5,12,1,4,0,0,0,0,0,79,228848,15,40,18,2,6,57.2,9893,4.09,4.72,96,5623,5887
6820,93,38148,12,3179,1,930628,29,931214,56840.8,18,11,8067.9,180.3,32706.0,9.9,126627001.6,8863.2,9115.0,20600.0,14.6,34840605.0,15,1,10,0,2,1,0,1,65,1204953,0,0,0,1,1,100.0,12541,0.29,0.43,167,85677,99107
6876,93,86616,12,7218,1,930818,15,931216,37253.1,12,3,4879.4,458.85,17859.0,29.8,39467119.8,7100.0,8000.0,11100.0,2200.0,13606666.7,9,0,6,0,0,0,0,0,61,75637,35,36,9,0,7,36.5,9622,0.45,0.59,154,3475,3529
7097,93,75624,24,3151,-1,930610,23,931217,41954.8,15,8,11677.0,318.9,49887.0,50.5,350054349.7,16650.0,15200.0,31100.0,3200.0,91770000.0,13,1,9,0,0,0,0,0,58,387570,0,0,0,1,1,100.0,9897,1.6,1.96,140,18721,18696
4959,94,80952,24,3373,1,930226,54,931231,27840.6,22,32,10394.8,2400.0,30354.0,13.5,125302253.0,6276.4,4100.0,22400.0,14.6,35008528.2,33,5,10,0,0,6,0,0,45,1204953,0,0,0,1,1,100.0,12541,0.29,0.43,167,85677,99107
6499,94,80952,24,3373,1,930226,54,931231,28749.1,22,32,10395.2,2400.0,30354.0,13.5,125294227.8,6248.3,4050.0,22400.0,14.6,35172346.9,33,5,10,0,0,6,0,0,45,1204953,0,0,0,1,1,100.0,12541,0.29,0.43,167,85677,99107
5479,94,24516,12,2043,1,930227,73,931231,78656.2,31,42,20344.7,13907.0,49536.0,12.5,364551140.8,13143.5,8250.0,59200.0,14.6,242351426.0,55,0,10,0,0,8,0,0,58,1204953,0,0,0,1,1,100.0,12541,0.29,0.43,167,85677,99107
5170,94,253200,60,4220,1,930510,41,940119,81150.6,21,20,13560.9,5800.0,46304.0,69.5,253000497.9,10181.4,5000.0,42600.0,30.0,146660966.1,28,0,8,0,0,5,0,1,50,139012,59,41,8,3,10,61.9,8363,2.52,3.49,108,2564,2799
6721,94,21072,24,878,1,930908,15,940106,33467.0,13,2,3012.9,300.0,9738.0,48.5,13092998.5,4150.0,4150.0,5700.0,2600.0,2402500.0,9,0,6,0,0,0,0,1,64,74062,99,15,4,2,7,61.4,8114,2.38,2.62,119,1003,1181
7259,94,108144,36,3004,1,930520,55,940118,21921.3,23,32,16822.8,7983.0,45740.0,35.7,304805147.6,11406.4,4736.0,60600.0,14.6,251824565.0,35,6,8,0,0,6,0,1,63,108871,41,29,7,2,6,62.1,8444,3.24,3.47,106,2595,2305
5285,94,78936,12,6578,1,930509,51,940205,24601.0,24,27,3975.2,2400.0,11416.0,24.0,15756655.1,2622.4,2359.0,6300.0,14.6,4269449.0,33,4,9,0,0,5,0,1,57,51313,34,12,3,1,4,59.2,8930,3.52,4.2,108,1328,1452
5189,94,149040,48,3105,1,930421,54,940131,19033.5,20,34,9496.6,1200.0,27946.0,31.1,109655970.9,5026.4,4298.5,15900.0,14.6,18822408.1,35,5,9,0,0,5,0,1,68,75637,35,36,9,0,7,36.5,9622,0.45,0.59,154,3475,3529
6650,94,49320,12,4110,-1,930903,49,940214,15673.6,17,32,15663.0,12334.0,45628.0,166.4,265838335.2,7831.2,3950.0,62700.0,100.0,135807143.4,34,5,5,0,0,5,0,1,45,122603,25,21,6,2,8,80.0,8991,1.39,2.01,128,5198,5273
7226,94,197748,36,5493,1,930913,16,940216,43294.5,11,5,12363.1,2300.0,36216.0,68.3,178862777.5,18540.0,24200.0,25100.0,5700.0,62186400.0,12,0,4,0,0,0,0,1,70,53921,61,22,1,1,2,41.3,8598,2.77,3.26,123,1597,1875
6087,94,300660,60,5011,1,930429,66,940223,33918.9,24,42,14927.6,7233.0,44519.0,39.4,280679910.6,7722.5,5200.0,48900.0,14.6,115488838.1,42,5,9,0,5,5,0,0,50,128118,9,16,6,3,8,85.3,9317,6.49,7.07,97,6949,6872
7262,94,182628,36,5073,1,931010,13,940228,45660.9,10,3,7666.1,3250.0,23204.0,67.1,70493943.0,10333.3,9800.0,12600.0,8600.0,2808888.9,9,0,4,0,0,0,0,0,59,138032,67,30,4,2,5,64.6,8819,5.38,5.66,99,4063,4505
5519,94,91632,12,7636,1,930308,70,940303,33061.9,27,43,8784.2,700.0,26378.0,54.1,90064173.8,4746.8,3532.0,18300.0,14.6,17171631.6,42,8,12,0,0,8,0,1,62,139012,59,41,8,3,10,61.9,8363,2.52,3.49,108,2564,2799
6577,94,51696,24,2154,1,930208,102,940305,38202.2,44,58,16547.0,9257.0,46889.0,119.6,261533655.3,11894.2,4454.5,59600.0,14.6,238346648.1,78,0,13,0,0,11,0,1,68,323870,0,0,0,1,1,100.0,10673,4.75,5.44,100,18782,18347
6509,94,55368,24,2307,1,930318,98,940313,12414.4,47,51,9204.9,314.8,48139.0,27.2,132720824.8,8239.5,3900.0,34100.0,14.6,75700463.7,66,0,22,0,0,10,0,1,39,197099,29,41,10,2,10,74.7,9624,1.6,2.31,145,4484,4265
6520,94,91200,24,3800,1,930728,36,940313,32715.3,18,18,10908.3,700.0,34198.0,16.0,148190563.5,9090.8,9939.5,22100.0,14.6,54707170.7,23,3,7,0,0,3,0,1,55,119895,17,4,3,2,4,89.9,10446,7.34,9.4,90,4947,4743
6699,94,7656,24,319,1,930328,81,940323,36353.1,36,45,7746.1,214.2,31677.0,9.2,119656987.9,5389.0,3360.0,21700.0,14.6,42080809.5,44,8,22,0,0,7,0,1,62,78955,50,24,8,1,9,59.0,9060,1.78,2.44,124,1655,1717
6336,94,212400,36,5900,1,930305,71,940330,64221.1,31,40,13977.9,7707.0,48828.0,71.5,275953212.7,9227.4,5150.0,42900.0,30.0,133820946.1,50,0,12,0,0,9,0,1,66,85852,41,23,4,2,4,59.8,8965,7.08,8.23,104,2653,2822
7055,94,167100,60,2785,1,930506,79,940401,39310.2,33,46,17751.1,16919.0,49980.0,91.4,268618222.7,11879.9,4950.0,49200.0,14.6,198382296.5,58,0,11,0,0,10,0,1,70,145688,22,41,13,2,5,40.7,8544,1.29,1.86,109,2719,2906
6103,94,149340,60,2489,1,930521,56,940331,23538.3,23,33,7546.8,1400.0,22404.0,32.2,66115241.9,4546.6,3100.0,13200.0,30.0,14657842.4,34,6,10,0,0,6,0,0,63,105606,77,26,7,2,7,53.0,8254,2.79,3.76,97,2166,2325
6202,94,65184,12,5432,1,930125,82,940416,67995.4,30,52,17495.9,16747.0,48891.0,21.6,313650894.8,8786.2,5390.0,39900.0,14.6,80958986.1,58,0,14,0,0,10,0,0,57,75232,55,26,4,1,5,41.7,8980,1.95,2.21,111,2824,2813
7066,94,215388,36,5983,-1,931127,15,940430,30662.8,10,5,6116.3,162.0,49757.0,18.0,219711165.1,6100.0,5200.0,11400.0,2600.0,10912000.0,8,0,7,0,0,0,0,0,59,119895,17,4,3,2,4,89.9,10446,7.34,9.4,90,4947,4743
6696,94,89040,60,1484,1,930412,87,940507,29305.8,44,43,3735.1,160.45,15843.0,25.2,26934044.8,3140.5,1700.0,11400.0,14.6,10400928.5,44,8,26,0,0,9,0,1,70,148545,8,35,12,3,4,53.5,8909,4.01,5.56,113,3460,3590
6072,94,193968,36,5388,1,931025,29,940504,80780.0,20,9,14309.0,7411.5,41783.0,52.4,246508237.7,22822.2,23400.0,54200.0,100.0,251123950.6,20,0,8,0,0,1,0,0,72,226122,32,50,7,4,4,62.6,8994,3.8,4.79,110,9672,9208
5130,94,24312,12,2026,1,930210,78,940506,28461.9,37,41,5601.6,1400.0,18231.0,35.5,39036279.1,4360.9,2300.0,24322.0,14.6,32547742.6,52,0,15,0,0,11,0,1,55,93931,74,21,10,1,8,56.9,8427,1.12,1.54,107,1874,1913
5568,94,272520,60,4542,1,930618,84,940514,30009.9,34,50,13755.8,9061.5,42400.0,13.3,198946483.2,8753.7,5753.5,56700.0,14.6,138704768.1,54,10,11,0,0,9,0,0,39,92084,55,29,4,3,5,46.7,10124,0.56,0.54,141,3810,4316
6678,94,80340,12,6695,1,930705,52,940505,89342.6,22,30,20306.6,7100.0,61260.0,147.8,448281380.1,11913.4,7000.0,39200.0,14.6,125309311.7,38,0,9,0,0,5,0,1,76,1204953,0,0,0,1,1,100.0,12541,0.29,0.43,167,85677,99107
6998,94,97632,12,8136,1,930724,65,940520,41330.1,20,45,25763.2,24958.0,73224.0,46.7,676771500.2,10531.9,6531.0,54700.0,14.6,135562578.2,45,6,9,0,0,5,0,1,68,103347,87,16,7,1,7,67.0,9104,1.51,2.07,123,2299,2354
6580,94,196080,48,4085,1,931003,47,940514,86857.4,20,27,14476.6,8100.0,46888.0,123.9,269538512.0,7506.5,4900.0,35700.0,14.6,62832000.8,35,0,7,0,0,5,0,0,58,87419,21,11,4,3,9,85.5,8624,1.79,2.66,102,2879,3198
6316,94,76908,12,6409,-1,930126,102,940521,14888.6,42,60,15876.1,9009.0,47434.0,17.0,267611151.5,10865.2,7400.0,52200.0,14.6,126562483.0,74,0,16,0,0,12,0,1,46,149893,63,29,6,2,6,67.4,9753,4.64,5.05,109,5244,5892
6512,94,63312,48,1319,1,930419,82,940514,28553.5,35,47,2763.9,3500.0,10500.0,26.5,6214788.7,1450.7,1200.0,4600.0,14.6,1426932.3,54,8,12,0,0,8,0,1,56,51313,34,12,3,1,4,59.2,8930,3.52,4.2,108,1328,1452
6407,94,25944,24,1081,1,930908,37,940512,69398.9,19,18,12249.3,600.0,36289.5,65.4,165762087.4,9074.4,3220.0,29900.0,14.6,100379185.3,25,0,8,0,0,4,0,1,60,118650,8,8,5,1,3,85.6,9832,3.32,4.48,114,6445,5471
5002,94,104808,12,8734,1,931126,30,940525,28015.4,12,18,9470.5,8906.5,25970.0,19.5,91433017.4,4757.3,3150.0,16400.0,14.6,20887716.5,20,2,5,0,2,1,0,0,39,125832,151,41,2,3,5,48.3,8512,3.51,4.12,102,2247,2103
6647,94,208320,48,4340,1,930207,85,940531,44213.1,33,52,12819.9,900.0,39060.0,79.0,195472132.5,7286.0,4750.0,29700.0,30.0,58650966.8,59,0,15,0,0,11,0,1,68,51313,34,12,3,1,4,59.2,8930,3.52,4.2,108,1328,1452
7137,94,151560,24,6315,1,931121,28,940601,21323.2,13,15,19058.4,300.0,56835.0,59.9,437456025.4,15095.7,13577.0,37200.0,14.6,116897908.9,19,1,6,0,0,2,0,0,53,125832,151,41,2,3,5,48.3,8512,3.51,4.12,102,2247,2103
6903,94,52128,24,2172,1,930913,71,940531,58659.8,39,32,6244.8,177.5,44473.0,38.7,150844092.4,5772.0,2800.0,27300.0,0.1,46266702.3,34,0,26,0,0,5,6,1,59,75637,35,36,9,0,7,36.5,9622,0.45,0.59,154,3475,3529
5918,94,300204,36,8339,1,930605,71,940531,33932.8,27,44,9277.4,300.0,28365.0,83.6,106180275.6,4921.7,5080.0,18300.0,14.6,16038587.7,43,8,12,0,0,8,0,0,64,161954,21,37,20,3,8,48.0,8720,3.73,4.5,116,3729,3651
6642,94,77640,12,6470,1,930707,60,940602,30825.8,22,38,18776.7,1400.0,58227.0,138.1,418236411.1,10059.5,6350.0,35000.0,30.0,93067954.4,44,0,10,0,0,6,0,0,67,67298,71,19,10,0,7,43.8,8561,0.65,1.29,110,1029,1127
6210,94,87216,48,1817,-1,931126,33,940531,21579.1,21,12,3691.8,149.9,16356.0,16.7,28315087.3,4653.1,4700.0,12600.0,14.6,12131167.9,17,2,12,0,0,2,0,0,64,58796,22,16,7,1,5,51.9,9045,3.13,3.6,124,1845,1879
6279,94,87360,24,3640,1,930721,30,940531,29072.5,16,14,8544.6,193.75,49341.0,63.3,235023527.8,7689.7,5950.0,22800.0,14.6,42733623.2,18,0,10,0,0,2,0,0,62,85852,41,23,4,2,4,59.8,8965,7.08,8.23,104,2653,2822
7249,94,69360,48,1445,1,930319,78,940610,38665.0,31,47,6597.1,6000.0,17782.0,34.2,42689089.5,3528.6,1800.0,13700.0,14.6,14983863.5,54,0,14,0,0,10,0,0,41,112709,48,20,7,3,10,73.5,8369,1.79,2.31,117,2854,2618
6736,94,288360,60,4806,1,940227,10,940531,43313.2,8,2,8081.3,468.55,27116.0,8.7,125343361.6,10600.0,10600.0,15200.0,6000.0,21160000.0,6,0,4,0,0,0,0,0,35,1204953,0,0,0,1,1,100.0,12541,0.29,0.43,167,85677,99107
6112,94,174744,24,7281,-1,930322,118,940615,6930.8,38,80,11542.8,7975.5,46739.0,33.3,183818090.7,5396.2,2070.0,37500.0,0.2,52992397.6,58,14,15,0,14,14,3,1,78,95616,65,30,4,1,6,51.4,9307,3.85,4.43,118,2616,3040
5319,94,239460,60,3991,1,930922,46,940619,36240.6,18,28,13387.9,12122.5,35918.0,30.4,187099450.9,7312.2,4850.0,23200.0,14.6,43766495.3,30,4,8,0,0,4,0,1,42,228848,15,40,18,2,6,57.2,9893,4.09,4.72,96,5623,5887
6596,94,91584,24,3816,1,931126,31,940624,49842.9,14,17,18390.4,16468.5,47906.0,29.4,354009090.3,12213.1,10436.0,30600.0,14.6,95351655.0,23,0,6,0,0,2,0,1,51,133777,24,17,7,3,11,84.7,8705,5.75,7.61,116,4650,4859
5837,94,244560,60,4076,1,931014,42,940620,21326.1,18,24,12456.2,1200.0,36680.0,65.4,193852667.3,8453.5,5100.0,24600.0,14.6,56633374.0,28,4,7,0,0,3,0,1,67,109164,98,16,6,1,4,63.6,8757,3.38,3.95,96,2212,2471
5657,94,4980,12,415,1,931105,46,940703,22500.3,19,27,5352.5,800.0,15528.0,35.6,32479842.3,2933.2,1540.0,16000.0,14.6,13976841.4,27,3,8,0,4,4,0,1,52,86513,38,36,5,1,5,50.5,8288,3.79,4.52,110,1562,1460
5533,94,111384,24,4641,1,930320,152,940702,52318.9,55,97,19164.7,16576.0,49388.0,29.0,277741967.2,10327.2,6500.0,61700.0,14.6,202493430.1,108,14,16,0,0,14,0,0,67,75637,35,36,9,0,7,36.5,9622,0.45,0.59,154,3475,3529
6232,94,276660,36,7685,-1,930828,58,940707,19783.2,30,28,3712.4,4987.0,11600.0,9.5,10826728.1,3271.0,2700.0,9800.0,14.6,7409026.7,35,7,10,0,0,6,0,0,49,124605,11,42,14,1,8,46.0,8772,4.69,4.98,126,2854,3158
6888,94,39576,12,3298,1,930204,115,940705,23901.1,53,62,9203.4,292.8,49603.0,21.3,221597108.0,7481.9,4017.0,38400.0,14.6,79380210.1,59,12,32,0,0,12,0,1,80,105058,32,19,7,2,10,81.0,9272,2.8,3.22,118,4340,4505
6066,94,173808,24,7242,1,930623,75,940705,94431.9,26,49,26907.2,25340.5,74522.0,43.3,747506876.2,12350.1,7200.0,38200.0,100.0,125258417.8,55,0,12,0,0,8,0,1,57,148545,8,35,12,3,4,53.5,8909,4.01,5.56,113,3460,3590
5549,94,50460,60,841,1,931020,43,940710,41531.0,19,24,8327.1,3500.0,22927.5,32.6,72754801.0,4861.8,4870.0,15000.0,14.6,18986722.1,26,5,8,0,0,4,0,1,47,75637,35,36,9,0,7,36.5,9622,0.45,0.59,154,3475,3529
5060,94,252060,60,4201,-1,931129,61,940714,70096.5,26,35,14985.2,17694.0,49937.0,8.2,160742601.4,9129.1,4787.0,41700.0,14.6,104550430.7,44,5,7,0,0,5,0,1,65,110643,49,41,4,1,4,51.9,8441,3.45,4.48,115,1879,2252
6004,94,143904,24,5996,1,930220,139,940715,38336.2,47,92,14003.6,8356.0,46108.0,6.7,251382815.8,6737.3,2687.0,60500.0,14.6,95607869.2,91,16,17,0,0,15,0,0,51,102609,75,33,2,3,6,52.0,8187,4.83,5.45,94,2123,2134
5126,94,208128,48,4336,-1,930511,64,940721,81474.6,29,35,11823.7,5459.0,47493.0,30.9,236694516.8,7468.9,4500.0,36500.0,14.6,87868025.6,43,0,13,0,0,8,0,0,51,387570,0,0,0,1,1,100.0,9897,1.6,1.96,140,18721,18696
7220,94,131292,36,3647,1,930529,83,940723,31361.3,29,54,11868.2,2200.0,32823.0,12.1,152429203.3,5792.9,4300.0,24000.0,30.0,27248968.2,51,10,13,0,0,9,0,0,54,1204953,0,0,0,1,1,100.0,12541,0.29,0.43,167,85677,99107
6668,94,74736,36,2076,1,930626,67,940721,33243.7,26,41,11194.3,10656.0,30918.0,16.5,127995604.2,6288.0,6184.0,20000.0,14.6,32800072.9,39,8,12,0,0,8,0,0,65,77917,85,19,6,1,5,53.5,8390,2.28,2.89,132,2080,2122
5395,94,299088,36,8308,-1,930606,126,940723,19448.5,46,80,17668.7,14240.0,47189.0,46.2,272750239.8,9916.4,5135.0,59400.0,14.6,154515489.8,90,12,13,0,0,11,0,1,66,106054,38,25,6,2,6,63.1,8110,5.77,6.55,109,3244,3079
6836,94,189300,60,3155,1,930616,102,940731,24471.4,42,60,6502.7,139.3,28413.0,43.8,90372744.8,4142.7,2617.0,24960.0,14.6,25817280.2,58,9,26,0,0,9,0,0,53,109164,98,16,6,1,4,63.6,8757,3.38,3.95,96,2212,2471
6064,94,14628,12,1219,1,930701,102,940731,34902.8,29,73,7799.9,900.0,23230.5,49.4,68851389.2,2620.5,870.0,14100.0,2.0,11852250.6,64,8,13,0,8,9,0,1,49,157042,49,70,18,0,9,33.9,8743,1.88,2.43,111,3659,3894
6919,94,120888,36,3358,1,930327,96,940804,52014.4,36,60,13123.9,4050.0,48618.0,85.0,252596295.8,7007.4,3225.0,49200.0,30.0,95335052.1,56,12,15,0,0,13,0,1,44,1204953,0,0,0,1,1,100.0,12541,0.29,0.43,167,85677,99107
6841,94,172080,48,3585,1,940121,42,940731,58224.0,25,17,10714.0,287.2,45518.0,19.3,186470486.2,12331.7,12081.0,40100.0,14.6,135661474.0,25,0,13,0,0,4,0,1,57,92084,55,29,4,3,5,46.7,10124,0.56,0.54,141,3810,4316
6038,94,323472,48,6739,1,930621,57,940731,69179.8,28,29,13879.2,7350.0,44802.0,52.9,231621814.1,11015.1,7700.0,33900.0,14.6,108112123.6,37,5,9,0,0,6,0,1,40,1204953,0,0,0,1,1,100.0,12541,0.29,0.43,167,85677,99107
6729,94,74688,12,6224,1,930402,112,940806,28933.3,49,63,13496.9,244.7,56019.0,96.1,380048309.7,10038.4,7600.0,38400.0,14.6,78774818.5,56,12,32,0,0,12,0,1,45,87419,21,11,4,3,9,85.5,8624,1.79,2.66,102,2879,3198
7198,94,45768,12,3814,1,931122,27,940819,54427.5,22,5,4701.3,187.6,36574.0,24.2,77086172.3,9800.0,6800.0,23900.0,1000.0,62908000.0,15,0,12,0,0,0,0,1,77,226122,32,50,7,4,4,62.6,8994,3.8,4.79,110,9672,9208
6686,94,224604,36,6239,1,930324,93,940816,40287.4,34,59,20475.0,18868.7,56152.0,32.7,436045344.6,11116.3,7200.0,40000.0,14.6,111997058.2,65,0,16,0,0,12,0,0,76,51313,34,12,3,1,4,59.2,8930,3.52,4.2,108,1328,1452
5836,94,79632,24,3318,1,940408,16,940813,89746.5,10,6,24446.2,22505.0,66165.0,112.5,618544534.5,25786.0,22000.0,64300.0,9516.0,347527913.3,11,1,4,0,0,0,0,1,59,125832,151,41,2,3,5,48.3,8512,3.51,4.12,102,2247,2103
7061,94,121896,24,5079,1,930428,93,940821,41917.2,39,54,16312.0,11866.0,49558.0,17.7,299871198.9,11004.7,6300.0,64900.0,14.6,141186154.0,69,0,15,0,0,9,0,0,65,157042,49,70,18,0,9,33.9,8743,1.88,2.43,111,3659,3894
5595,94,82896,12,6908,1,930508,126,940831,64286.0,34,92,20655.9,1600.0,62168.0,130.5,524059348.3,7111.0,6350.0,38600.0,14.6,69348872.1,78,11,15,0,11,11,0,0,72,75685,31,28,5,1,9,60.8,8208,1.89,2.26,155,1660,2123
5723,94,23628,12,1969,1,930312,110,940903,64096.3,49,61,11783.9,8700.0,43694.0,1.7,167525888.0,8415.0,5513.0,35200.0,14.6,84093527.0,67,12,18,0,0,13,0,0,54,85852,41,23,4,2,4,59.8,8965,7.08,8.23,104,2653,2822
6120,94,209184,48,4358,1,930816,68,940910,44254.7,26,42,19731.8,18715.0,54645.0,70.1,401890931.3,11161.2,6992.0,61800.0,14.6,137877053.1,48,0,12,0,0,8,0,0,53,1204953,0,0,0,1,1,100.0,12541,0.29,0.43,167,85677,99107
6895,94,41904,12,3492,1,930124,143,940916,39204.7,63,80,7938.8,207.8,48546.0,0.8,196668676.3,5761.8,3550.0,51700.0,14.6,61884390.4,76,15,37,0,0,15,0,0,74,285387,0,2,8,5,7,89.9,10177,6.63,7.75,81,9878,10108
5882,94,87816,12,7318,1,930607,84,940925,15665.6,41,43,4840.6,3800.0,14886.0,54.5,22528748.1,4251.2,5005.0,10300.0,14.6,9899966.2,49,11,14,0,0,10,0,0,61,1204953,0,0,0,1,1,100.0,12541,0.29,0.43,167,85677,99107
5754,94,23052,12,1921,1,930119,171,940915,28531.7,48,123,6742.4,2300.0,20812.0,34.7,51561369.1,2399.2,2000.0,24000.0,14.6,9383020.7,107,15,19,0,15,15,0,1,40,387570,0,0,0,1,1,100.0,9897,1.6,1.96,140,18721,18696
6594,94,189696,24,7904,-1,940517,5,940914,22500.0,5,0,4500.0,2200.0,11500.0,600.0,17100000.0,0,0,0,0,0,5,0,0,0,0,0,0,1,70,110643,49,41,4,1,4,51.9,8441,3.45,4.48,115,1879,2252
6738,94,230220,36,6395,-1,931008,82,940907,6325.5,38,44,7839.6,220.25,47953.0,4.9,162145695.7,6626.8,2077.5,59800.0,6.8,120287950.8,39,9,21,0,0,10,3,1,42,323870,0,0,0,1,1,100.0,10673,4.75,5.44,100,18782,18347
6624,94,71460,12,5955,1,931108,43,940923,82549.0,20,23,13134.0,8000.0,48487.0,35.9,219883241.9,8085.1,7268.0,24300.0,14.6,35073068.7,27,4,8,0,0,4,0,0,45,157042,49,70,18,0,9,33.9,8743,1.88,2.43,111,3659,3894
6216,94,141240,24,5885,1,930907,102,940922,45871.6,27,75,18498.1,1000.0,52968.0,105.9,373755846.5,6047.7,3684.0,43500.0,14.6,54196527.6,65,8,12,0,9,8,0,0,62,102609,75,33,2,3,6,52.0,8187,4.83,5.45,94,2123,2134
6229,94,11736,24,489,1,930422,133,941001,26984.4,36,97,11518.8,1900.0,33098.0,34.8,148191824.9,3996.8,2600.0,22500.0,14.6,24001677.7,77,13,17,0,13,13,0,0,38,1204953,0,0,0,1,1,100.0,12541,0.29,0.43,167,85677,99107
5887,94,192744,36,5354,1,930602,76,940930,29033.7,33,43,9241.8,1700.0,41064.0,8.8,169819217.9,6417.7,4200.0,47700.0,14.6,70782348.3,52,0,14,0,0,10,0,1,71,110643,49,41,4,1,4,51.9,8441,3.45,4.48,115,1879,2252
6808,94,227880,36,6330,1,930925,83,941009,53716.6,45,38,8119.2,434.7,49115.0,24.3,166645536.1,8201.3,5450.0,64600.0,14.6,153388538.0,48,0,24,0,0,11,0,1,55,197099,29,41,10,2,10,74.7,9624,1.6,2.31,145,4484,4265
6297,94,17508,12,1459,1,930801,72,941021,48027.0,31,41,6398.5,7800.0,17580.0,36.7,38600434.2,3666.5,1320.0,13300.0,14.6,16975777.7,48,0,14,0,0,10,0,0,46,107870,84,29,6,1,6,58.0,8754,3.83,4.31,137,3804,3868
5161,94,98184,24,4091,1,940709,14,941010,68956.1,11,3,9059.7,241.1,24545.0,74.1,137037667.5,10233.3,11100.0,18200.0,1400.0,47415555.6,8,0,6,0,0,0,0,1,45,114200,101,41,4,1,4,43.7,8403,5.74,5.72,105,2157,2718
5390,94,170256,24,7094,1,930808,77,941027,43302.8,31,46,11986.9,600.0,36552.0,83.9,172684283.0,7136.8,5922.0,29300.0,14.6,40773736.7,45,10,13,0,0,9,0,1,65,93931,74,21,10,1,8,56.9,8427,1.12,1.54,107,1874,1913
6150,94,83016,12,6918,1,930208,196,941031,93605.6,67,129,20124.3,22603.0,48883.0,90.2,294019495.7,9929.6,6327.0,64400.0,14.6,143461234.7,139,18,21,0,0,18,0,0,79,161954,21,37,20,3,8,48.0,8720,3.73,4.5,116,3729,3651
6223,94,61056,48,1272,1,931121,64,941031,33539.9,23,41,8584.6,900.0,24372.0,37.1,81305556.1,3998.1,1978.0,13500.0,14.6,17531863.2,40,6,11,0,0,7,0,1,57,161954,21,37,20,3,8,48.0,8720,3.73,4.5,116,3729,3651
5032,94,123696,48,2577,1,931202,61,941031,25201.8,22,39,12984.9,1462.8,48476.0,59.5,285968385.6,6679.0,3274.0,32100.0,14.6,61699964.8,39,6,10,0,0,6,0,0,40,124605,11,42,14,1,8,46.0,8772,4.69,4.98,126,2854,3158
6253,94,59760,24,2490,1,931227,54,941031,41147.7,22,32,11115.3,550.0,34557.0,19.5,147901946.8,6356.3,5560.0,21440.0,14.6,37724275.7,33,5,10,0,0,6,0,0,58,323870,0,0,0,1,1,100.0,10673,4.75,5.44,100,18782,18347
6460,94,48672,36,1352,1,930917,97,941031,23124.6,34,63,2590.1,1650.0,12100.0,33.8,7554878.6,1031.0,115.0,5880.0,14.6,2015714.7,57,9,13,0,9,9,0,1,48,157042,49,70,18,0,9,33.9,8743,1.88,2.43,111,3659,3894
6645,94,140400,36,3900,1,931010,45,941104,28271.8,22,23,11883.9,296.75,44739.0,100.9,310010574.6,10138.0,4500.0,63200.0,14.6,184898840.4,27,0,13,0,0,5,0,0,41,323870,0,0,0,1,1,100.0,10673,4.75,5.44,100,18782,18347
5176,94,192552,24,8023,-1,930829,51,941031,22255.5,26,25,6090.8,162.15,23844.0,10.2,65924898.3,5445.4,5400.0,18000.0,30.0,23199632.2,31,0,14,0,0,6,0,1,63,70646,94,14,3,1,4,58.4,8547,2.65,3.64,120,1563,1542
5269,94,164052,36,4557,-1,931117,65,941112,20811.2,28,37,14078.8,10350.0,48181.0,53.7,266680469.6,10091.8,5200.0,41400.0,0.4,129857172.2,42,0,12,0,0,10,1,1,75,51313,34,12,3,1,4,59.2,8930,3.52,4.2,108,1328,1452
5351,94,205200,36,5700,1,930611,129,941203,54586.0,36,93,17320.7,1900.0,51303.0,82.4,333909156.8,6117.8,5900.0,31200.0,30.0,34639666.1,73,13,17,0,13,13,0,1,63,1204953,0,0,0,1,1,100.0,12541,0.29,0.43,167,85677,99107
5861,94,51408,24,2142,1,931116,64,941130,49213.4,31,33,14637.0,10976.0,49907.0,43.8,248028484.9,12259.0,6700.0,57700.0,14.6,218129804.2,44,0,12,0,0,8,0,0,49,45714,52,10,5,1,6,55.6,8843,2.82,3.6,113,818,888
5450,94,199680,60,3328,1,931025,74,941130,19924.0,28,46,10073.0,400.0,29954.0,20.2,119301095.9,5698.2,3612.0,22637.0,14.6,30406486.7,43,9,13,0,0,9,0,0,49,139012,59,41,8,3,10,61.9,8363,2.52,3.49,108,2564,2799
7142,94,482940,60,8049,-1,930829,130,941213,18439.4,56,74,4877.9,162.55,21056.0,7.8,47180699.0,3442.2,2439.0,15800.0,14.6,10476414.9,67,11,30,0,11,11,0,1,76,1204953,0,0,0,1,1,100.0,12541,0.29,0.43,167,85677,99107
6306,94,36684,12,3057,1,930329,125,941219,35093.0,50,75,6311.7,3900.0,18552.0,8.3,42540769.5,3739.9,3600.0,24480.0,14.6,12659446.4,73,16,20,0,0,16,0,1,78,285387,0,2,8,5,7,89.9,10177,6.63,7.75,81,9878,10108
6272,94,398640,60,6644,1,930726,86,941218,59316.9,34,52,21806.9,20131.0,59793.0,32.1,494232486.2,13117.7,6400.0,48100.0,30.0,178351389.2,58,0,16,0,0,12,0,1,60,323870,0,0,0,1,1,100.0,10673,4.75,5.44,100,18782,18347
5044,94,100980,60,1683,1,931201,70,941210,47137.7,27,43,7692.8,3200.0,20922.0,75.7,61913382.3,3734.1,2300.0,22900.0,14.6,17817743.5,41,9,12,0,0,8,0,0,65,387570,0,0,0,1,1,100.0,9897,1.6,1.96,140,18721,18696
5576,94,31248,12,2604,1,930530,120,941220,53922.3,51,69,16817.4,11272.0,47033.0,128.0,277558850.3,11648.8,6000.0,64100.0,14.6,191165454.5,90,0,18,0,0,12,0,1,39,1204953,0,0,0,1,1,100.0,12541,0.29,0.43,167,85677,99107
7192,94,115992,36,3222,1,930417,127,941210,17711.5,46,81,8683.6,4350.0,46194.0,5.4,140071188.9,4812.1,3200.0,60600.0,30.0,62638196.0,75,16,20,0,0,16,0,0,37,51313,34,12,3,1,4,59.2,8930,3.52,4.2,108,1328,1452
5739,95,76380,12,6365,1,940501,45,941231,23171.2,20,25,4597.0,2800.0,12861.0,36.1,21096608.7,2751.3,1827.0,8700.0,14.6,5584828.4,25,4,8,0,4,4,0,1,57,1204953,0,0,0,1,1,100.0,12541,0.29,0.43,167,85677,99107
6526,95,288468,36,8013,1,940829,17,941231,48840.6,14,3,6845.8,158.7,30950.0,6.4,113071215.0,15666.7,13000.0,23300.0,10700.0,30015555.6,9,0,8,0,0,0,0,1,58,86513,38,36,5,1,5,50.5,8288,3.79,4.52,110,1562,1460
5624,95,177744,48,3703,-1,930810,95,950102,14230.7,36,59,9073.4,4000.0,45056.0,10.0,120029238.2,5295.1,3300.0,26000.0,3.3,40418620.6,64,0,15,0,0,14,2,0,72,108871,41,29,7,2,6,62.1,8444,3.24,3.47,106,2595,2305
6244,95,270648,36,7518,-1,940307,72,950101,50996.5,36,36,13666.9,341.75,47433.0,105.9,320657784.1,12250.3,7500.0,52700.0,30.0,177419202.7,39,6,20,0,0,7,0,0,37,1204953,0,0,0,1,1,100.0,12541,0.29,0.43,167,85677,99107
5131,95,48624,24,2026,1,930805,117,950107,47993.6,49,68,15032.1,10560.0,41561.0,21.1,217444909.7,10126.2,4514.0,52900.0,14.6,156677360.7,76,12,17,0,0,12,0,0,61,128118,9,16,6,3,8,85.3,9317,6.49,7.07,97,6949,6872
6960,95,76416,24,3184,1,930313,153,950110,12262.9,57,96,8867.9,2500.0,28659.0,48.8,98295642.6,5137.6,4087.0,21400.0,14.6,18244484.3,95,18,22,0,0,18,0,0,37,1204953,0,0,0,1,1,100.0,12541,0.29,0.43,167,85677,99107
6358,95,137880,60,2298,-1,930915,89,950110,19966.8,38,51,7317.2,6100.0,20684.0,30.5,51767250.5,5060.5,3300.0,20848.0,30.0,23061439.9,63,0,15,0,0,11,0,0,63,226122,32,50,7,4,4,62.6,8994,3.8,4.79,110,9672,9208
5418,95,347952,48,7249,1,930330,120,950113,57546.3,50,70,16705.2,12003.5,49271.0,111.1,295997420.0,11110.2,7911.0,54600.0,14.6,109125972.2,87,0,19,0,0,14,0,1,64,45714,52,10,5,1,6,55.6,8843,2.82,3.6,113,818,888
6598,95,68112,12,5676,1,930804,147,950115,39416.1,37,110,20195.8,378.1,57164.0,113.6,445873559.8,6434.8,5250.0,42100.0,14.6,57124642.8,90,13,17,0,14,13,0,1,77,88768,10,18,5,1,7,80.5,8867,1.02,1.21,130,3384,3620
5464,95,95808,12,7984,1,931127,90,950129,72500.4,40,50,18972.3,20714.5,49008.0,109.8,277333185.9,13727.8,9550.0,57700.0,14.6,169623263.5,67,0,13,0,0,10,0,0,40,161854,73,21,6,1,6,76.3,9425,1.72,2.5,125,4085,3891
6591,95,20832,48,434,1,930801,151,950131,17872.5,47,104,4204.6,1100.0,13251.0,26.0,20427600.3,1728.3,1296.0,19700.0,14.6,6194812.8,93,13,18,0,13,14,0,0,48,85852,41,23,4,2,4,59.8,8965,7.08,8.23,104,2653,2822
5724,95,316140,60,5269,-1,930324,139,950131,12811.8,60,79,4591.9,4100.0,13352.0,16.7,19672756.0,3325.4,3240.0,9500.0,14.6,6921506.1,81,18,22,0,0,18,0,0,68,1204953,0,0,0,1,1,100.0,12541,0.29,0.43,167,85677,99107
6315,95,43164,12,3597,1,940208,69,950203,31349.9,26,43,19429.6,850.0,57680.0,111.0,447216568.2,11019.1,5700.0,43700.0,14.6,125877714.5,49,0,12,0,0,8,0,1,76,117897,139,28,5,1,6,53.8,8814,4.76,5.74,107,2112,2059
5876,95,221280,48,4610,1,940115,71,950131,31344.7,25,46,17512.2,1100.0,50178.0,69.5,342423407.4,8836.8,7802.0,32300.0,30.0,62315309.0,44,7,12,0,0,8,0,0,68,323870,0,0,0,1,1,100.0,10673,4.75,5.44,100,18782,18347
6986,95,151728,48,3161,-1,940516,57,950210,26488.7,28,29,8910.7,619.05,48906.0,9.8,177437529.8,7690.0,3100.0,27000.0,0.8,66125068.8,33,0,14,0,0,5,5,0,76,323870,0,0,0,1,1,100.0,10673,4.75,5.44,100,18782,18347
6294,95,79920,60,1332,1,931126,95,950210,31271.6,29,66,13163.4,700.0,36634.5,24.3,191847683.8,5310.1,2040.0,24300.0,14.6,42622362.6,61,10,14,0,0,10,0,0,53,170449,0,0,0,1,1,100.0,10787,2.64,3.09,131,6041,6261
5132,95,538500,60,8975,1,940318,58,950214,23271.0,22,36,11733.3,10794.0,32082.0,40.4,143044415.4,6524.0,4605.0,23800.0,14.6,31429171.8,35,7,10,0,0,6,0,0,60,95616,65,30,4,1,6,51.4,9307,3.85,4.43,118,2616,3040
5877,95,97224,24,4051,1,930910,112,950217,19479.6,42,70,5482.9,2650.0,16257.0,51.9,31610921.7,3011.4,3509.0,11700.0,14.6,4970948.4,71,13,16,0,0,12,0,1,51,74062,99,15,4,2,7,61.4,8114,2.38,2.62,119,1003,1181
6227,95,28248,24,1177,1,930824,94,950228,33743.7,38,56,10476.7,2100.0,30055.5,26.9,120434549.0,6506.9,1450.0,23400.0,14.6,64380249.0,62,0,18,0,0,14,0,1,70,162580,83,26,5,1,6,72.8,9538,1.51,1.81,111,6079,5410
7241,95,168984,24,7041,-1,930810,160,950303,24304.3,74,86,12442.5,334.65,49960.0,28.0,261181219.1,10423.7,6360.5,55200.0,2.5,147114659.5,102,0,38,0,0,18,2,0,76,1204953,0,0,0,1,1,100.0,12541,0.29,0.43,167,85677,99107
6737,95,76680,24,3195,1,930912,143,950308,27191.2,53,90,13581.8,277.0,57554.0,91.9,391977695.4,7696.1,5483.0,38700.0,14.6,63844938.9,83,13,34,0,0,13,0,0,49,228848,15,40,18,2,6,57.2,9893,4.09,4.72,96,5623,5887
7004,95,331560,60,5526,1,930821,119,950314,47992.1,40,79,11490.7,800.0,33276.0,36.3,147915480.9,5210.6,5200.0,24700.0,14.6,22323099.2,73,14,18,0,0,14,0,0,80,88884,80,26,6,2,5,46.7,8507,1.67,1.85,132,2159,2674
6169,95,103680,60,1728,-1,930720,109,950312,36427.6,44,65,5169.7,4350.0,14422.5,26.2,25348947.2,3034.4,1700.0,13920.0,14.6,12434911.9,75,0,19,0,0,15,0,0,71,95907,87,25,5,2,7,59.1,8388,2.41,2.94,87,1658,1668
5208,95,99696,48,2077,-1,930608,108,950304,32966.8,45,63,14426.4,8920.0,49327.0,61.8,261591262.1,9781.3,5100.0,55900.0,0.4,147233690.6,81,0,14,0,0,12,1,1,71,114200,101,41,4,1,4,43.7,8403,5.74,5.72,105,2157,2718
6694,95,134784,24,5616,1,940604,55,950307,16218.7,30,25,8822.5,268.95,43785.0,12.2,202075733.3,9938.2,5800.0,58800.0,14.6,163518967.4,32,0,17,0,0,6,0,1,40,285387,0,2,8,5,7,89.9,10177,6.63,7.75,81,9878,10108
5599,95,15420,12,1285,1,930523,151,950319,31867.2,53,98,4776.8,2800.0,13881.0,22.1,23408858.1,2258.2,1455.0,11840.0,14.6,4432030.9,96,17,21,0,0,17,0,1,65,1204953,0,0,0,1,1,100.0,12541,0.29,0.43,167,85677,99107
6546,95,31728,24,1322,1,930905,117,950318,32802.7,41,76,7781.2,3700.0,22267.5,36.5,63271924.4,3766.1,3120.0,19680.0,14.6,14556750.8,71,14,18,0,0,14,0,0,50,1204953,0,0,0,1,1,100.0,12541,0.29,0.43,167,85677,99107
5414,95,185952,48,3874,1,940319,34,950325,82385.2,20,14,12500.5,496.25,46725.0,68.7,272457871.3,11973.2,5350.0,57400.0,1800.0,205032898.6,23,1,10,0,0,0,0,0,45,125236,28,11,1,4,5,87.7,9675,6.43,7.68,100,5323,5190
5453,95,156672,36,4352,1,940225,75,950331,23271.5,37,38,3672.6,3400.0,10380.0,11.2,12273575.6,2963.6,3310.0,9000.0,14.6,4855158.4,45,8,13,0,0,9,0,1,56,72541,66,26,10,0,8,36.9,8594,1.62,2.01,112,1580,1525
5740,95,18564,12,1547,1,941125,13,950331,43265.7,9,4,8607.3,200.0,25603.5,24.0,95880542.0,8550.0,10250.0,13400.0,300.0,26652500.0,9,0,4,0,0,0,0,1,63,1204953,0,0,0,1,1,100.0,12541,0.29,0.43,167,85677,99107
5804,95,158976,48,3312,1,931103,156,950331,18879.4,52,104,13041.8,9438.0,48358.0,74.4,181506800.4,6339.3,3350.0,37300.0,14.6,76160077.2,98,14,16,0,14,14,0,0,39,139012,59,41,8,3,10,61.9,8363,2.52,3.49,108,2564,2799
6745,95,47304,24,1971,1,931110,167,950404,62458.3,76,91,15647.3,9940.0,49060.0,38.3,286412896.8,12381.7,8151.0,59900.0,14.6,217012565.9,104,14,34,0,0,15,0,0,71,197099,29,41,10,2,10,74.7,9624,1.6,2.31,145,4484,4265
6950,95,104712,24,4363,1,930520,191,950410,21801.2,72,119,16042.0,12512.0,49831.0,83.9,272405342.3,9522.9,4200.0,56400.0,14.6,148607469.6,125,22,22,0,0,22,0,0,44,323870,0,0,0,1,1,100.0,10673,4.75,5.44,100,18782,18347
6996,95,126600,24,5275,1,930520,132,950410,48720.6,46,86,17293.6,16024.0,47472.0,62.3,310619304.1,8683.5,6200.0,32400.0,14.6,66524548.7,92,0,22,0,0,18,0,0,39,162580,83,26,5,1,6,72.8,9538,1.51,1.81,111,6079,5410
5352,95,68400,12,5700,-1,941030,14,950331,23946.1,9,5,6971.8,160.9,31037.0,66.2,111179232.7,7760.0,6000.0,15800.0,2200.0,24682400.0,9,0,5,0,0,0,0,1,76,228848,15,40,18,2,6,57.2,9893,4.09,4.72,96,5623,5887
6151,95,225420,60,3757,1,940617,51,950413,32403.4,22,29,7056.2,4450.0,20727.0,43.4,50501957.3,4235.6,3000.0,14800.0,14.6,14074643.8,37,0,9,0,0,5,0,1,48,117897,139,28,5,1,6,53.8,8814,4.76,5.74,107,2112,2059
5310,95,248148,36,6893,1,931211,120,950420,41108.6,37,83,9398.8,3200.0,28362.0,86.7,94961850.1,3694.5,2520.0,28960.0,14.6,21203138.6,72,11,15,0,11,11,0,1,40,72541,66,26,10,0,8,36.9,8594,1.62,2.01,112,1580,1525
5045,95,187224,24,7801,-1,931213,88,950430,50846.7,38,50,13214.3,1900.0,46293.0,16.8,265159516.5,9026.2,7438.5,51900.0,0.2,103160607.8,58,0,17,0,0,12,1,0,47,1204953,0,0,0,1,1,100.0,12541,0.29,0.43,167,85677,99107
6929,95,36396,12,3033,1,930706,158,950506,45480.6,56,102,16954.9,16055.5,48143.0,92.8,298071825.8,8862.7,5119.0,51700.0,30.0,122161036.4,98,19,22,0,0,19,0,0,72,127369,31,32,13,2,7,51.2,8369,4.73,5.88,107,3736,2807
5151,95,189060,60,3151,1,941102,30,950516,68945.6,14,16,21569.6,20200.45,60016.0,100.5,478164059.0,14564.3,9504.5,40300.0,100.0,170048869.0,19,3,6,0,0,2,0,1,58,149893,63,29,6,2,6,67.4,9753,4.64,5.05,109,5244,5892
5212,95,71064,36,1974,1,940421,86,950516,31397.0,29,57,7801.6,2300.0,22908.0,32.3,65339834.8,3418.4,1800.0,13600.0,14.6,12331870.6,57,9,12,0,0,8,0,1,46,85852,41,23,4,2,4,59.8,8965,7.08,8.23,104,2653,2822
5138,95,87216,48,1817,1,930921,148,950514,26795.3,41,107,5670.5,5800.0,15608.0,25.0,31400293.0,1922.4,1300.0,9900.0,14.6,4023411.0,82,16,19,0,16,15,0,1,54,1204953,0,0,0,1,1,100.0,12541,0.29,0.43,167,85677,99107
5713,95,158760,60,2646,1,930727,166,950527,19182.3,55,111,7197.8,1400.0,23810.0,17.0,67211174.0,3393.7,1894.0,17200.0,14.6,13982882.3,94,17,21,0,17,17,0,0,78,78955,50,24,8,1,9,59.0,9060,1.78,2.44,124,1655,1717
6704,95,417060,60,6951,1,931120,74,950531,80621.0,41,33,10539.0,372.3,43656.0,67.8,197523570.2,10640.0,6100.0,52700.0,14.6,141286779.8,47,4,19,0,0,4,0,1,61,45714,52,10,5,1,6,55.6,8843,2.82,3.6,113,818,888
6474,95,63360,60,1056,1,930906,119,950531,25649.6,49,70,4125.2,1500.0,12138.0,51.7,17269245.8,2521.4,1360.0,7300.0,14.6,5193016.4,67,16,20,0,0,16,0,0,55,75685,31,28,5,1,9,60.8,8208,1.89,2.26,155,1660,2123
6676,95,29784,24,1241,1,950208,12,950608,37920.3,9,3,6735.6,8400.0,17241.0,59.4,39545346.6,7566.7,8100.0,11300.0,3300.0,10808888.9,9,0,3,0,0,0,0,1,69,170449,0,0,0,1,1,100.0,10787,2.64,3.09,131,6041,6261
6965,95,139536,24,5814,1,931114,165,950607,36472.9,67,98,18070.4,11200.0,49193.0,12.2,269916075.6,11982.1,9295.5,53200.0,14.6,163951961.8,112,17,19,0,0,17,0,1,41,117897,139,28,5,1,6,53.8,8814,4.76,5.74,107,2112,2059
6725,95,265320,36,7370,1,930918,148,950610,35289.8,64,84,6441.2,146.64999999999998,26409.0,33.6,84476725.7,4487.5,3835.0,17700.0,14.6,13257453.3,75,17,40,0,0,16,0,1,48,121947,37,28,7,3,11,70.5,8541,2.51,2.97,131,3496,3839
7166,95,198240,24,8260,1,950115,16,950614,44644.2,11,5,7095.2,6000.0,19455.0,43.0,48523451.8,8540.6,9300.0,13000.0,2000.0,14264913.4,11,1,4,0,0,0,0,0,56,118650,8,8,5,1,3,85.6,9832,3.32,4.48,114,6445,5471
7138,95,60000,60,1000,1,930913,137,950630,16878.6,48,89,3840.3,800.0,11049.0,41.5,16315488.7,1881.6,1950.0,7000.0,14.6,2341800.9,82,17,21,0,0,17,0,0,46,77917,85,19,6,1,5,53.5,8390,2.28,2.89,132,2080,2122
5970,95,465072,48,9689,1,940114,103,950708,37152.4,38,65,12116.4,600.0,35163.0,52.0,167754557.8,6511.8,5300.0,42880.0,14.6,43577973.1,60,13,17,0,0,13,0,0,48,125832,151,41,2,3,5,48.3,8512,3.51,4.12,102,2247,2103
6157,95,98592,24,4108,1,950108,26,950707,43871.9,13,13,12494.8,900.0,36975.0,68.7,182834318.6,9120.0,10530.0,24500.0,100.0,60015738.5,16,2,6,0,0,2,0,1,63,92084,55,29,4,3,5,46.7,10124,0.56,0.54,141,3810,4316
6153,95,285600,60,4760,1,941115,49,950713,28194.4,24,25,11216.0,5076.0,42729.0,31.1,170712599.0,9639.6,5800.0,33600.0,30.0,96705195.8,36,0,7,0,0,6,0,1,80,95616,65,30,4,1,6,51.4,9307,3.85,4.43,118,2616,3040
5693,95,44088,24,1837,1,941208,32,950731,44383.2,17,15,7533.6,1200.0,24304.5,61.8,71446597.2,5580.2,3373.0,18000.0,14.6,34007358.5,19,3,7,0,0,3,0,1,51,81344,61,23,4,2,6,55.3,8899,3.39,3.97,149,2987,2487
5922,95,20220,12,1685,1,940827,51,950731,31303.3,23,28,11452.4,3400.0,49397.0,90.7,207142036.0,8289.4,6050.0,48100.0,14.6,110898164.5,31,5,9,0,0,6,0,1,73,81344,61,23,4,2,6,55.3,8899,3.39,3.97,149,2987,2487
5959,95,107640,24,4485,1,950213,23,950805,65325.4,12,11,19481.8,18171.0,53613.0,69.6,392322238.9,15314.1,14100.0,46900.0,14.6,185729670.3,16,1,5,0,0,1,0,1,59,88884,80,26,6,2,5,46.7,8507,1.67,1.85,132,2159,2674
5980,95,21396,12,1783,1,940604,78,950816,24782.0,34,44,5691.9,3700.0,16048.0,59.2,32731262.9,3835.0,2200.0,14075.0,14.6,14153293.7,54,0,14,0,0,10,0,0,68,58796,22,16,7,1,5,51.9,9045,3.13,3.6,124,1845,1879
6764,95,33984,48,708,1,940824,70,950819,44465.4,36,34,5088.0,178.3,20196.0,18.2,47763462.2,4079.5,800.0,14700.0,14.6,26361445.0,41,0,22,0,0,7,0,0,72,197099,29,41,10,2,10,74.7,9624,1.6,2.31,145,4484,4265
5237,95,45336,24,1889,1,940427,90,950820,39839.5,33,57,10959.4,3100.0,30436.0,16.3,126625820.2,5646.0,5930.0,19900.0,14.6,27902455.1,52,12,15,0,0,11,0,0,57,51428,50,11,3,1,4,52.7,8402,3.13,3.98,120,999,1099
6726,95,85860,60,1431,1,940629,96,950831,39220.2,47,49,3868.1,150.2,16713.0,5.0,29784426.9,2906.8,2400.0,10300.0,14.6,6287031.6,49,9,28,0,0,10,0,1,55,88884,80,26,6,2,5,46.7,8507,1.67,1.85,132,2159,2674
6933,95,188688,48,3931,1,950402,22,950906,23579.7,12,10,10950.1,350.0,35378.0,70.0,169852100.1,10782.2,8504.5,24500.0,14.6,81310861.6,15,1,5,0,0,1,0,1,65,197099,29,41,10,2,10,74.7,9624,1.6,2.31,145,4484,4265
5145,95,309552,48,6449,1,950118,35,950915,51799.4,16,19,20681.7,19697.0,58041.0,55.7,437898070.6,14689.9,14291.0,50600.0,14.6,147294742.1,21,4,7,0,0,3,0,0,35,226122,32,50,7,4,4,62.6,8994,3.8,4.79,110,9672,9208
7008,95,36168,12,3014,1,950304,36,950917,29138.1,15,21,9289.2,2400.0,27122.0,64.2,93923069.4,5247.6,4339.0,18500.0,14.6,20952321.8,23,2,6,0,3,2,0,0,61,1204953,0,0,0,1,1,100.0,12541,0.29,0.43,167,85677,99107
7227,95,314520,60,5242,1,940605,130,950930,50487.0,56,74,18056.9,14336.5,49457.0,88.2,280434756.9,12982.4,7926.0,56700.0,30.0,200483889.3,89,12,16,0,0,13,0,1,55,105606,77,26,7,2,7,53.0,8254,2.79,3.76,97,2166,2325
6600,95,21852,36,607,1,950422,18,951005,42899.4,12,6,8711.7,1100.0,27736.5,27.8,102425252.6,10273.4,13600.0,18100.0,14.6,55846715.7,11,0,5,0,1,1,0,0,54,125236,28,11,1,4,5,87.7,9675,6.43,7.68,100,5323,5190
6712,95,266220,60,4437,1,940510,144,951012,38159.6,53,91,7942.1,147.9,33190.0,83.4,128975369.3,4206.3,3344.0,23840.0,14.6,23667312.9,74,13,32,0,13,12,0,1,65,70646,94,14,3,1,4,58.4,8547,2.65,3.64,120,1563,1542
7057,95,231696,36,6436,1,940701,126,951010,47174.7,34,92,20382.1,1800.0,60566.0,102.1,471918641.3,7099.1,6100.0,36000.0,30.0,58083198.6,77,11,15,0,12,11,0,0,73,1204953,0,0,0,1,1,100.0,12541,0.29,0.43,167,85677,99107
7176,95,260028,36,7223,1,931208,161,951014,69850.9,47,114,22177.3,5600.0,65008.0,150.1,540335086.3,8530.5,7900.0,51700.0,14.6,61799442.1,105,18,21,0,0,17,0,0,76,75637,35,36,9,0,7,36.5,9622,0.45,0.59,154,3475,3529
7304,95,419880,60,6998,1,950526,18,951023,24704.4,11,7,21108.2,300.0,62982.0,39.0,556170536.1,29640.9,29900.0,64800.0,8500.0,338354587.3,13,1,4,0,0,0,0,1,45,1204953,0,0,0,1,1,100.0,12541,0.29,0.43,167,85677,99107
6362,95,37908,12,3159,1,940728,76,951021,46113.5,31,45,9919.5,1200.0,28431.0,14.1,104487477.2,5808.7,3900.0,22479.0,14.6,32006565.5,52,0,14,0,0,10,0,1,76,145688,22,41,13,2,5,40.7,8544,1.29,1.86,109,2719,2906
5880,95,73836,36,2051,1,950426,19,951026,67453.1,14,5,13746.6,1350.0,44281.0,19.1,276568611.1,25000.0,20100.0,37000.0,20100.0,44664000.0,14,0,5,0,0,0,0,1,67,119895,17,4,3,2,4,89.9,10446,7.34,9.4,90,4947,4743
6535,95,41952,12,3496,1,940903,105,951031,24672.8,31,74,10373.6,1800.0,31462.0,71.6,126836632.9,4012.3,3400.0,25400.0,14.6,25968443.0,61,10,14,0,10,10,0,0,72,161854,73,21,6,1,6,76.3,9425,1.72,2.5,125,4085,3891
5449,95,99336,24,4139,1,941209,52,951031,30824.1,24,28,5352.9,1300.0,16866.0,58.5,32654184.3,3487.3,3450.0,11900.0,14.6,8041370.3,30,6,10,0,0,6,0,1,80,228848,15,40,18,2,6,57.2,9893,4.09,4.72,96,5623,5887
6342,95,60156,36,1671,-1,950327,56,951110,132316.8,26,30,18483.9,14536.5,49767.0,15.9,298094587.5,13795.6,3881.0,53600.0,14.6,238421523.2,41,4,7,0,0,4,0,0,76,93931,74,21,10,1,8,56.9,8427,1.12,1.54,107,1874,1913
5409,95,182040,60,3034,1,941121,59,951117,38747.5,24,35,22366.6,20819.0,61557.0,67.2,517268641.0,14230.0,3700.0,53500.0,14.6,240773118.6,41,0,11,0,0,7,0,1,51,51428,50,11,3,1,4,52.7,8402,3.13,3.98,120,999,1099
6955,95,244368,48,5091,1,940722,144,951119,86194.1,64,80,20764.9,19890.5,49769.0,200.0,268012296.5,15534.5,6200.0,57200.0,100.0,265581856.6,114,0,15,0,0,15,0,0,70,114200,101,41,4,1,4,43.7,8403,5.74,5.72,105,2157,2718
6985,95,113796,36,3161,1,941201,72,951110,34054.0,25,47,9973.8,700.0,28446.0,104.9,109150859.2,4580.6,3458.0,21074.0,100.0,22508877.3,46,8,11,0,0,7,0,0,71,387570,0,0,0,1,1,100.0,9897,1.6,1.96,140,18721,18696
5125,95,73056,48,1522,1,950206,51,951112,21545.7,23,28,3179.5,2600.0,8538.0,15.7,8858148.2,1842.2,1641.0,7100.0,14.6,2756761.9,32,5,9,0,0,5,0,0,70,119895,17,4,3,2,4,89.9,10446,7.34,9.4,90,4947,4743
5805,95,137904,24,5746,-1,950722,12,951119,35159.7,9,3,6195.5,7400.0,11878.0,29.4,30447879.4,6866.7,8100.0,9000.0,3500.0,5802222.2,9,0,3,0,0,0,0,0,68,75637,35,36,9,0,7,36.5,9622,0.45,0.59,154,3475,3529
6185,95,31176,24,1299,1,950608,23,951117,50647.1,12,11,10761.5,10156.0,29418.0,71.1,116629726.6,7135.5,5400.0,16900.0,14.6,35883567.4,16,1,5,0,0,1,0,0,68,1204953,0,0,0,1,1,100.0,12541,0.29,0.43,167,85677,99107
7243,95,217152,36,6032,1,950129,57,951130,42279.3,21,36,18197.3,400.0,54286.0,4.4,370552558.8,9440.7,8019.0,34200.0,14.6,70588049.7,35,6,10,0,0,6,0,0,74,226122,32,50,7,4,4,62.6,8994,3.8,4.79,110,9672,9208
6403,95,194880,48,4060,1,940601,113,951130,31021.6,37,76,12922.2,300.0,36536.0,108.1,181776892.7,5883.1,4585.0,23532.0,14.6,30915107.1,67,14,18,0,0,14,0,0,79,323870,0,0,0,1,1,100.0,10673,4.75,5.44,100,18782,18347
6578,95,27984,12,2332,1,940710,76,951207,18380.5,30,46,9539.8,308.8,47513.0,56.9,200039294.6,5822.0,4200.0,25700.0,30.0,31014507.2,41,10,16,0,0,9,0,0,49,139012,59,41,8,3,10,61.9,8363,2.52,3.49,108,2564,2799
5413,95,92976,24,3874,1,940522,109,951211,21531.8,50,59,13338.3,8325.0,48996.0,66.1,213165273.9,10938.7,11594.0,45500.0,30.0,95482889.6,71,11,16,0,0,11,0,1,70,51313,34,12,3,1,4,59.2,8930,3.52,4.2,108,1328,1452
6949,95,104712,24,4363,1,940522,108,951211,30115.3,50,58,13282.4,8247.0,48996.0,66.1,213455591.2,10931.1,11797.0,44800.0,30.0,89422139.9,70,11,16,0,0,11,0,1,70,51313,34,12,3,1,4,59.2,8930,3.52,4.2,108,1328,1452
6545,95,191880,60,3198,1,950315,87,951211,78521.0,35,52,16177.4,12269.0,46829.0,71.8,241470671.4,9378.6,4534.0,59200.0,14.6,159393532.8,62,8,9,0,0,8,0,0,49,103347,87,16,7,1,7,67.0,9104,1.51,2.07,123,2299,2354
6178,95,232560,48,4845,1,950705,27,951214,41243.5,14,13,14073.0,13411.5,39741.0,107.8,180812570.3,11983.0,5000.0,37300.0,100.0,182543274.2,19,0,5,0,0,3,0,1,70,323870,0,0,0,1,1,100.0,10673,4.75,5.44,100,18782,18347
5160,95,204000,60,3400,1,941217,65,951212,37992.7,25,40,10772.4,2100.0,30604.0,49.3,125588290.7,5783.0,5400.0,16100.0,14.6,20915848.4,39,8,11,0,0,7,0,0,44,77917,85,19,6,1,5,53.5,8390,2.28,2.89,132,2080,2122
6785,95,125340,60,2089,1,940905,127,951212,19007.0,57,70,10958.0,500.0,49974.0,69.3,193415839.8,8651.4,3713.0,45200.0,30.0,116092097.3,73,13,28,0,0,13,0,0,44,1204953,0,0,0,1,1,100.0,12541,0.29,0.43,167,85677,99107
6540,95,309600,48,6450,1,950117,56,951223,35488.1,22,34,21228.2,19550.5,58052.0,64.8,468483245.6,12692.1,7850.0,34700.0,30.0,121172033.7,40,0,10,0,0,6,0,0,75,226122,32,50,7,4,4,62.6,8994,3.8,4.79,110,9672,9208
6589,96,189696,24,7904,1,950409,89,951231,88632.1,30,59,18658.6,18702.0,49775.0,152.6,286619037.4,7985.2,2197.0,57600.0,30.0,163997133.6,56,8,9,0,8,8,0,0,45,51428,50,11,3,1,4,52.7,8402,3.13,3.98,120,999,1099
5900,96,135360,48,2820,1,950103,77,951231,54868.9,32,45,18854.4,15721.5,48633.0,65.4,319043396.0,12188.3,6000.0,46400.0,14.6,183193617.5,57,0,11,0,0,9,0,0,75,102609,75,33,2,3,6,52.0,8187,4.83,5.45,94,2123,2134
5999,96,98832,48,2059,1,940206,177,951231,27169.8,50,127,8028.0,2900.0,23282.0,38.1,71108381.9,2946.7,1800.0,22240.0,14.6,13912452.2,98,18,23,0,19,19,0,1,70,95907,87,25,5,2,7,59.1,8388,2.41,2.94,87,1658,1668
6043,96,20352,48,424,1,950403,48,960108,21281.5,22,26,4421.6,1450.0,12549.0,24.4,21033724.9,2922.8,3200.0,9600.0,14.6,7177002.3,29,5,9,0,0,5,0,1,48,109164,98,16,6,1,4,63.6,8757,3.38,3.95,96,2212,2471
5482,96,165120,60,2752,1,940521,116,960111,23825.4,50,66,3959.5,2450.0,11210.0,31.0,14993493.8,2655.0,2570.0,6300.0,14.6,4024147.2,67,15,19,0,0,15,0,1,50,121947,37,28,7,3,11,70.5,8541,2.51,2.97,131,3496,3839
7263,96,89880,24,3745,1,950818,29,960115,39079.5,13,16,16580.0,6288.0,46981.0,26.2,368727884.8,11028.8,6050.0,47100.0,30.0,136825535.9,22,0,5,0,0,2,0,0,63,285387,0,2,8,5,7,89.9,10177,6.63,7.75,81,9878,10108
6013,96,128988,36,3583,-1,940801,82,960131,9710.2,35,47,8997.4,274.9,42530.0,1.5,137795585.4,6494.2,3400.0,27600.0,0.1,54506158.5,53,0,18,0,0,10,1,0,39,70646,94,14,3,1,4,58.4,8547,2.65,3.64,120,1563,1542
5750,96,63252,12,5271,1,940407,164,960207,49709.2,48,116,16674.8,2300.0,47436.0,106.4,305596527.4,6471.4,4458.0,31800.0,14.6,52008183.1,106,18,22,0,0,18,0,1,49,94725,38,28,1,3,6,63.4,9920,2.26,2.87,130,4289,4846
6027,96,61656,24,2569,-1,950827,12,960202,59695.5,9,3,13988.4,6900.0,47337.0,36.9,320844282.4,22066.7,21000.0,31400.0,13800.0,52195555.6,9,0,3,0,0,0,0,1,53,53921,61,22,1,1,2,41.3,8598,2.77,3.26,123,1597,1875
6303,96,72408,24,3017,-1,951009,13,960206,36363.9,9,4,12129.3,700.0,49634.0,96.5,267973829.5,18200.0,15700.0,32700.0,8700.0,79695000.0,9,0,4,0,0,0,0,1,58,51313,34,12,3,1,4,59.2,8930,3.52,4.2,108,1328,1452
7213,96,113544,36,3154,1,950220,71,960210,13386.8,26,45,9068.9,1700.0,28386.0,29.2,104332156.3,4942.3,3400.0,20900.0,14.6,25978121.0,46,7,11,0,0,7,0,0,42,114200,101,41,4,1,4,43.7,8403,5.74,5.72,105,2157,2718
6659,96,56100,60,935,1,950111,68,960212,15407.2,28,40,4958.1,3150.0,13986.0,43.6,24561921.5,3085.5,1150.0,10700.0,14.6,8888506.6,39,9,12,0,0,8,0,0,58,387570,0,0,0,1,1,100.0,9897,1.6,1.96,140,18721,18696
6175,96,290700,60,4845,-1,950125,100,960219,11574.8,42,58,17131.3,14373.5,49763.0,5.1,239008957.2,12205.9,6050.0,56400.0,9.9,205001109.5,74,0,13,0,0,12,1,1,59,139012,59,41,8,3,10,61.9,8363,2.52,3.49,108,2564,2799
5610,96,123216,48,2567,1,940812,128,960222,77580.8,48,80,16990.0,11682.0,48959.0,54.9,308015893.8,9224.2,2400.0,59200.0,14.6,177570065.8,89,11,18,0,0,10,0,1,77,85852,41,23,4,2,4,59.8,8965,7.08,8.23,104,2653,2822
5563,96,380160,60,6336,1,940730,109,960221,24549.6,47,62,18684.5,13514.0,48887.0,88.4,332608453.4,13768.1,7600.0,62500.0,14.6,224305212.8,81,0,15,0,0,13,0,0,49,323870,0,0,0,1,1,100.0,10673,4.75,5.44,100,18782,18347
5989,96,213300,36,5925,1,950413,59,960229,27326.7,27,32,4581.6,6400.0,13600.0,43.4,17700972.2,3011.8,2960.0,8160.0,14.6,5104281.4,38,5,10,0,0,6,0,0,64,162580,83,26,5,1,6,72.8,9538,1.51,1.81,111,6079,5410
6698,96,247728,48,5161,1,950808,50,960309,52551.7,23,27,14307.7,302.9,48620.0,32.1,343000925.6,10241.7,4500.0,57900.0,30.0,165938020.7,32,3,12,0,0,3,0,0,79,1204953,0,0,0,1,1,100.0,12541,0.29,0.43,167,85677,99107
5312,96,202788,36,5633,1,950220,79,960312,81623.6,26,53,26091.9,24649.5,72298.0,51.3,704225804.4,11259.7,9515.0,45200.0,30.0,106768243.0,50,9,12,0,0,8,0,1,53,51313,34,12,3,1,4,59.2,8930,3.52,4.2,108,1328,1452
7189,96,154656,48,3222,1,941223,89,960317,37180.5,32,57,9834.0,1350.0,28994.0,28.5,107766821.1,4868.6,3867.0,17585.0,14.6,18914715.4,55,10,14,0,0,10,0,0,56,161227,5,35,11,4,10,69.7,8678,5.93,5.57,102,4980,4595
6816,96,100224,48,2088,-1,951122,18,960321,31387.1,15,3,4005.8,123.0,18792.0,26.5,39306678.9,9566.7,7000.0,15100.0,6600.0,15335555.6,9,0,9,0,0,0,0,1,57,285387,0,2,8,5,7,89.9,10177,6.63,7.75,81,9878,10108
6137,96,44628,12,3719,1,940714,146,960408,80439.7,43,103,25107.0,1500.0,71565.0,95.5,679893003.8,9700.6,7500.0,59000.0,30.0,98256521.5,94,16,20,0,0,16,0,0,43,53921,61,22,1,1,2,41.3,8598,2.77,3.26,123,1597,1875
5128,96,215616,48,4492,-1,950613,61,960408,8640.6,30,31,5505.6,135.14999999999998,23130.0,31.1,58927456.1,5049.2,4100.0,18700.0,6.8,23081522.0,31,5,18,0,0,5,2,0,57,42821,4,13,5,1,3,48.4,8173,-1,7.01,124,-1,1358
5470,96,200976,48,4187,1,950909,35,960414,47431.4,17,18,12752.4,1100.0,37686.0,60.7,180946082.2,9408.9,9054.0,26600.0,14.6,48009591.4,22,3,7,0,0,3,0,0,55,114200,101,41,4,1,4,43.7,8403,5.74,5.72,105,2157,2718
5593,96,277884,36,7719,-1,940526,117,960415,11614.0,46,71,13759.7,4850.0,47031.0,15.0,252245426.1,8751.1,6600.0,53200.0,14.6,96147400.7,69,13,20,0,0,15,0,1,80,105606,77,26,7,2,7,53.0,8254,2.79,3.76,97,2166,2325
5350,96,249312,48,5194,1,950213,60,960418,55426.5,30,30,10919.7,3450.0,47112.0,45.7,229579324.8,9072.1,7000.0,32100.0,30.0,58911689.3,35,6,13,0,0,6,0,0,55,170449,0,0,0,1,1,100.0,10787,2.64,3.09,131,6041,6261
6063,96,320976,48,6687,-1,950818,50,960417,46462.2,23,27,17416.5,232.7,70071.0,68.7,574353496.4,13115.5,7500.0,49700.0,14.6,153233295.5,33,0,14,0,0,3,0,0,36,1204953,0,0,0,1,1,100.0,12541,0.29,0.43,167,85677,99107
6501,96,30276,12,2523,-1,950407,92,960411,24930.3,58,34,4202.7,167.7,22708.0,44.8,45454755.8,6436.0,2850.0,18500.0,14.6,41538418.2,40,8,36,0,0,8,0,1,39,103347,87,16,7,1,7,67.0,9104,1.51,2.07,123,2299,2354
5452,96,49440,60,824,1,950121,110,960415,45021.6,31,79,10568.8,900.0,30378.0,28.7,119876606.2,3577.4,800.0,20000.0,4.0,26130446.4,65,11,14,0,10,10,0,1,66,285387,0,2,8,5,7,89.9,10177,6.63,7.75,81,9878,10108
4961,96,30276,12,2523,-1,950407,80,960410,15854.0,46,34,5264.8,236.95,22708.0,47.1,51860430.9,6656.6,2800.0,18200.0,14.6,45024160.4,40,8,24,0,0,8,0,1,39,103347,87,16,7,1,7,67.0,9104,1.51,2.07,123,2299,2354
4973,96,165960,24,6915,1,941019,125,960430,23689.2,37,88,21979.5,700.0,62235.0,57.8,528849844.4,8972.2,6393.0,41400.0,14.6,108519477.7,79,14,18,0,0,14,0,1,44,93931,74,21,10,1,8,56.9,8427,1.12,1.54,107,1874,1913
6190,96,123600,60,2060,1,950714,49,960430,15520.2,20,29,11561.2,272.7,47109.0,14.8,237425758.0,7438.6,2500.0,43300.0,14.6,100305339.4,32,0,10,0,0,7,0,0,67,285387,0,2,8,5,7,89.9,10177,6.63,7.75,81,9878,10108
6715,96,220620,60,3677,1,941202,128,960430,26332.6,54,74,7748.1,195.0,33096.0,96.5,127249031.1,5296.9,3826.5,20500.0,14.6,23449152.8,69,12,34,0,0,13,0,1,43,70646,94,14,3,1,4,58.4,8547,2.65,3.64,120,1563,1542
5892,96,66480,24,2770,-1,951227,10,960430,34891.2,7,3,12213.0,900.0,49631.0,20.0,310494373.0,16866.7,15000.0,28000.0,7600.0,71102222.2,7,0,3,0,0,0,0,0,35,182027,17,49,12,2,7,56.4,8746,3.33,3.74,90,4355,4433
6550,96,320592,48,6679,1,950208,88,960508,69148.6,30,58,21503.1,20286.0,60108.0,91.6,474352128.7,9930.1,7201.5,46600.0,14.6,95966895.4,64,0,14,0,0,10,0,1,70,145688,22,41,13,2,5,40.7,8544,1.29,1.86,109,2719,2906
5706,96,161496,36,4486,1,940830,130,960521,29371.5,52,78,8838.0,4914.5,42094.0,8.0,133433548.6,5515.4,3124.0,64900.0,30.0,97825997.0,72,19,20,0,0,19,0,0,71,226122,32,50,7,4,4,62.6,8994,3.8,4.79,110,9672,9208
5148,96,284280,60,4738,1,941115,94,960512,94617.3,36,58,20624.0,19115.7,56756.0,93.6,439641064.0,11169.7,5750.0,56800.0,14.6,143319726.8,64,0,17,0,0,13,0,1,58,114006,71,26,6,2,9,62.3,9065,4.46,5.39,123,4147,4166
6734,96,173016,36,4806,1,950717,94,960526,113931.6,47,47,14459.5,9776.0,49769.0,39.4,247553140.7,12580.1,6600.0,62700.0,30.0,227503201.5,68,0,18,0,0,8,0,1,45,177686,69,27,10,1,9,74.8,10045,1.42,1.71,135,6604,6295
6109,96,368880,60,6148,1,941022,182,960531,105712.4,58,124,19070.7,18658.0,49781.0,9.7,298153679.3,8067.6,2320.0,64500.0,14.6,141362078.2,113,16,20,0,16,17,0,0,74,125832,151,41,2,3,5,48.3,8512,3.51,4.12,102,2247,2103
6961,96,176148,36,4893,1,960123,13,960531,53592.6,9,4,15688.1,1100.0,34881.0,34.9,294778131.1,21900.0,25800.0,30400.0,5600.0,95470000.0,9,0,4,0,0,0,0,1,63,85852,41,23,4,2,4,59.8,8965,7.08,8.23,104,2653,2822
6810,96,186384,48,3883,1,940902,190,960531,21003.8,82,108,13975.7,358.75,49424.0,67.1,294270230.8,10416.7,4541.0,60600.0,30.0,162012529.5,109,19,42,0,0,20,0,0,59,128118,9,16,6,3,8,85.3,9317,6.49,7.07,97,6949,6872
5494,96,360000,48,7500,1,941113,136,960609,64765.2,57,79,18340.5,239.7,73228.0,94.6,669803048.0,12413.2,7700.0,59500.0,0.3,166551270.0,80,0,36,0,0,14,6,1,73,197099,29,41,10,2,10,74.7,9624,1.6,2.31,145,4484,4265
5311,96,30060,60,501,1,940903,186,960613,48523.3,45,141,10581.0,1400.0,29412.0,50.3,118790002.8,3032.8,1080.0,20000.0,14.6,19050688.9,114,17,21,0,17,17,0,0,51,72541,66,26,10,0,8,36.9,8594,1.62,2.01,112,1580,1525
5445,96,46320,24,1930,1,950102,178,960625,23552.7,48,130,15197.8,9885.5,49053.0,28.9,272953644.8,5430.3,1612.0,61600.0,14.6,112254124.7,113,16,17,0,16,16,0,0,79,133777,24,17,7,3,11,84.7,8705,5.75,7.61,116,4650,4859
5301,96,141948,36,3943,1,960314,10,960630,47239.7,7,3,9777.1,800.0,28840.0,49.6,128949266.2,7066.7,4800.0,16200.0,200.0,45235555.6,7,0,3,0,0,0,0,1,50,228848,15,40,18,2,6,57.2,9893,4.09,4.72,96,5623,5887
7034,96,19044,36,529,1,950528,69,960706,50167.6,29,40,8717.2,800.0,24126.0,14.2,82396738.7,5065.8,1800.0,22300.0,14.6,42609120.3,47,0,13,0,0,9,0,1,74,122603,25,21,6,2,8,80.0,8991,1.39,2.01,128,5198,5273
6751,96,85716,36,2381,1,960212,19,960711,52416.9,15,4,5781.1,147.8,21430.0,52.5,54578143.2,12550.0,13350.0,15900.0,7600.0,10452500.0,11,0,8,0,0,0,0,0,38,74062,99,15,4,2,7,61.4,8114,2.38,2.62,119,1003,1181
6667,96,155880,24,6495,1,941013,142,960707,44564.6,51,91,17473.0,11447.0,49818.0,104.4,301612271.6,9302.8,7500.0,60700.0,14.6,99098502.2,92,16,18,0,0,16,0,1,68,114006,71,26,6,2,9,62.3,9065,4.46,5.39,123,4147,4166
6130,96,32640,48,680,1,950324,107,960717,18800.0,39,68,4044.7,4000.0,11200.0,20.7,14906286.7,2043.3,750.0,20700.0,14.6,8323095.7,70,11,15,0,0,11,0,0,42,161854,73,21,6,1,6,76.3,9425,1.72,2.5,125,4085,3891
5429,96,20196,36,561,1,950211,96,960713,65684.6,34,62,12967.8,11962.2,35469.0,57.8,173093925.4,6052.0,4500.0,24500.0,14.6,53083195.7,55,13,16,0,0,12,0,0,71,1204953,0,0,0,1,1,100.0,12541,0.29,0.43,167,85677,99107
5725,96,444864,48,9268,1,950815,64,960719,41743.9,27,37,8397.5,3700.0,25862.0,50.4,80630081.7,4999.7,3869.0,16300.0,14.6,17120920.7,42,6,10,0,0,6,0,0,64,197099,29,41,10,2,10,74.7,9624,1.6,2.31,145,4484,4265
6019,96,11400,12,950,1,950803,77,960718,27820.2,29,48,3711.3,2300.0,10734.0,24.1,13884745.0,1662.7,1820.0,6700.0,14.6,1964476.4,43,8,11,0,8,7,0,1,80,387570,0,0,0,1,1,100.0,9897,1.6,1.96,140,18721,18696
6421,96,96768,36,2688,1,950727,66,960721,37396.4,28,38,16277.1,6869.5,48172.0,13.4,320045963.5,11009.5,6951.0,64100.0,14.6,168992090.3,41,7,11,0,0,7,0,1,68,85852,41,23,4,2,4,59.8,8965,7.08,8.23,104,2653,2822
6992,96,133968,48,2791,1,951109,79,960714,34729.5,23,56,17825.6,7324.0,49512.0,61.0,344412942.4,6701.1,2600.0,60800.0,14.6,95133900.5,48,8,8,0,8,7,0,0,43,139012,59,41,8,3,10,61.9,8363,2.52,3.49,108,2564,2799
5136,96,187104,24,7796,1,960309,25,960721,86877.7,16,9,18044.2,17674.0,43502.0,2.5,245709407.7,22425.5,26100.0,49500.0,14.6,344040714.4,19,0,4,0,0,2,0,1,77,226122,32,50,7,4,4,62.6,8994,3.8,4.79,110,9672,9208
5337,96,162468,36,4513,1,960305,15,960716,74638.8,10,5,15043.9,13888.0,40614.0,70.9,231944456.4,15160.0,16300.0,34500.0,1100.0,159934400.0,11,0,4,0,0,0,0,1,57,105058,32,19,7,2,10,81.0,9272,2.8,3.22,118,4340,4505
5495,96,89340,60,1489,1,951109,44,960731,41537.2,20,24,6166.8,3250.0,17313.0,31.8,40395835.0,3408.9,4650.0,8200.0,14.6,6224952.3,25,5,9,0,0,5,0,1,71,110643,49,41,4,1,4,51.9,8441,3.45,4.48,115,1879,2252
7013,96,89340,60,1489,1,951109,44,960731,42242.2,20,24,6167.0,3250.0,17313.0,31.8,40392884.4,3379.7,4650.0,8200.0,14.6,6310869.3,25,5,9,0,0,5,0,1,71,110643,49,41,4,1,4,51.9,8441,3.45,4.48,115,1879,2252
6012,96,258444,36,7179,1,960111,16,960731,53892.1,12,4,8032.7,4409.5,31830.0,141.4,91925459.2,10625.0,11350.0,14600.0,5200.0,11581875.0,11,0,5,0,0,0,0,0,66,1204953,0,0,0,1,1,100.0,12541,0.29,0.43,167,85677,99107
6471,96,155640,24,6485,1,950619,105,960731,40509.2,27,78,12015.8,500.0,34486.0,38.6,159088255.1,3640.1,1879.0,21700.0,14.6,21253979.6,65,9,13,0,9,9,0,1,43,95616,65,30,4,1,6,51.4,9307,3.85,4.43,118,2616,3040
6296,96,270384,48,5633,1,950527,87,960805,57835.1,32,55,17764.7,3850.0,50696.0,25.6,354972521.9,9284.3,7200.0,30800.0,14.6,52116297.4,53,10,14,0,0,10,0,0,62,75232,55,26,4,1,5,41.7,8980,1.95,2.21,111,2824,2813
7305,96,54024,12,4502,1,941001,147,960731,25682.6,45,102,14509.6,1000.0,40521.0,67.3,227361356.2,6149.5,4518.0,30100.0,14.6,49558413.0,90,17,22,0,0,18,0,0,68,117897,139,28,5,1,6,53.8,8814,4.76,5.74,107,2112,2059
6144,96,44376,12,3698,1,960227,39,960808,68241.5,18,21,18505.7,19056.0,49412.0,108.4,283721857.7,12612.4,6049.0,54100.0,14.6,158616375.8,27,4,5,0,0,3,0,0,62,58796,22,16,7,1,5,51.9,9045,3.13,3.6,124,1845,1879
6283,96,85632,48,1784,1,950405,85,960810,117238.7,38,47,18351.1,13317.5,49917.0,135.9,348063588.9,12710.7,5457.0,60800.0,14.6,280914668.0,60,0,15,0,0,10,0,1,49,197099,29,41,10,2,10,74.7,9624,1.6,2.31,145,4484,4265
7246,96,148920,60,2482,1,960201,31,960818,15278.6,16,15,8064.8,8050.0,22338.0,50.5,58669676.8,7583.9,6600.0,22780.0,30.0,40949920.2,20,3,6,0,0,2,0,0,77,108871,41,29,7,2,6,62.1,8444,3.24,3.47,106,2595,2305
5088,96,91152,24,3798,1,950515,77,960819,39378.8,31,46,12375.1,4700.0,34184.0,69.6,161709573.2,7483.7,3950.0,26700.0,14.6,57566637.2,53,0,14,0,0,10,0,0,42,105058,32,19,7,2,10,81.0,9272,2.8,3.22,118,4340,4505
5988,96,141648,24,5902,1,960204,18,960818,123310.1,13,5,13177.7,800.0,42127.0,55.6,259902108.5,16520.0,19500.0,34600.0,1800.0,150989600.0,13,0,5,0,0,0,0,0,52,139012,59,41,8,3,10,61.9,8363,2.52,3.49,108,2564,2799
5282,96,388512,48,8094,-1,941117,120,960808,38697.3,54,66,8491.0,6400.0,40855.0,21.7,106785731.4,6360.9,4850.0,44700.0,2.4,70639224.3,75,0,21,0,0,20,4,1,69,42821,4,13,5,1,3,48.4,8173,-1,7.01,124,-1,1358
5938,96,402000,60,6700,1,951015,54,960814,17232.1,29,25,3118.0,3800.0,9500.0,34.9,7969891.4,2927.6,2828.0,9100.0,14.6,7260506.0,35,5,9,0,0,5,0,0,80,149893,63,29,6,2,6,67.4,9753,4.64,5.05,109,5244,5892
5606,96,253512,36,7042,-1,960128,29,960825,13318.4,14,15,12261.3,4600.0,40419.0,13.4,207856170.6,10556.0,8400.0,30200.0,30.0,86347705.2,19,2,6,0,0,2,0,1,45,108871,41,29,7,2,6,62.1,8444,3.24,3.47,106,2595,2305
5385,96,71460,36,1985,1,960113,31,960831,49663.5,16,15,11367.8,6000.0,33669.0,84.1,138591024.5,8815.7,7264.0,26600.0,14.6,65242929.4,18,3,7,0,0,3,0,1,80,1204953,0,0,0,1,1,100.0,12541,0.29,0.43,167,85677,99107
6865,96,29448,12,2454,-1,960515,11,960906,43790.6,9,2,7487.8,800.0,22090.0,63.8,70519878.7,11800.0,11800.0,13900.0,9700.0,4410000.0,7,0,4,0,0,0,0,0,47,226122,32,50,7,4,4,62.6,8994,3.8,4.79,110,9672,9208
5586,96,48744,36,1354,1,960503,14,960912,62891.3,11,3,10108.3,4700.0,28603.5,53.7,106523909.7,16100.0,16700.0,18600.0,13000.0,5406666.7,10,0,4,0,0,0,0,1,64,148545,8,35,12,3,4,53.5,8909,4.01,5.56,113,3460,3590
6302,96,181020,60,3017,1,950315,93,960906,42526.0,37,56,9716.0,3800.0,27150.0,52.9,98585819.4,5660.1,2951.5,19900.0,14.6,30620373.7,63,0,17,0,0,13,0,1,66,78955,50,24,8,1,9,59.0,9060,1.78,2.44,124,1655,1717
7194,96,68832,36,1912,1,951023,53,960912,51540.7,24,29,9718.3,2100.0,28353.0,28.1,106980327.0,6265.4,3400.0,24000.0,14.6,45435249.0,31,6,10,0,0,6,0,0,59,1204953,0,0,0,1,1,100.0,12541,0.29,0.43,167,85677,99107
6461,96,74124,36,2059,1,950409,122,960910,25658.0,39,83,14442.8,7300.0,49816.0,60.9,268857825.0,6477.3,2000.0,43200.0,30.0,106380603.9,74,11,15,0,11,11,0,1,39,107870,84,29,6,1,6,58.0,8754,3.83,4.31,137,3804,3868
6732,96,174048,48,3626,1,951010,69,960913,54140.4,38,31,12971.8,5620.5,49461.0,146.2,245602442.1,14154.4,7200.0,46800.0,14.6,216071583.5,47,0,16,0,0,6,0,1,52,162580,83,26,5,1,6,72.8,9538,1.51,1.81,111,6079,5410
6613,96,84120,24,3505,1,960609,19,960920,63952.9,12,7,14356.9,13266.0,47952.0,65.8,223557560.9,15475.7,10800.0,36300.0,30.0,193766681.6,15,0,3,0,0,1,0,1,50,42821,4,13,5,1,3,48.4,8173,-1,7.01,124,-1,1358
7036,96,194940,36,5415,1,950615,91,960914,34212.3,38,53,15618.8,9214.0,48883.0,1.3,264382387.7,10552.9,5400.0,58700.0,14.6,164332036.4,64,0,15,0,0,12,0,0,64,112065,95,19,7,1,8,69.4,11277,1.25,1.44,127,5179,4987
5897,96,15192,24,633,1,941110,169,960919,17351.9,47,122,7555.3,2600.0,21513.0,72.8,61770577.4,2768.4,3103.0,14000.0,14.6,8619230.3,95,18,21,0,18,17,0,1,72,122603,25,21,6,2,8,80.0,8991,1.39,2.01,128,5198,5273
6995,96,96168,12,8014,1,950119,149,960925,3609.3,84,65,7330.1,213.2,46253.0,24.8,178416277.6,9417.2,8200.0,53500.0,30.0,99468663.8,76,0,57,0,0,16,0,1,72,197099,29,41,10,2,10,74.7,9624,1.6,2.31,145,4484,4265
5415,96,139464,36,3874,-1,950827,31,960920,65062.8,19,12,7729.6,166.3,36854.0,20.2,177973367.9,8766.7,6650.0,23400.0,400.0,52913888.9,19,0,12,0,0,0,0,0,58,182027,17,49,12,2,7,56.4,8746,3.33,3.74,90,4355,4433
7136,96,54396,36,1511,1,960321,23,960918,36208.8,14,9,4458.8,4998.0,11244.0,27.8,16714403.3,2912.7,2800.0,5400.0,14.6,3262674.9,17,0,5,0,0,1,0,0,39,110643,49,41,4,1,4,51.9,8441,3.45,4.48,115,1879,2252
7271,96,392460,60,6541,1,941124,143,960930,53245.1,46,97,20602.7,604.8,58870.0,43.2,479671281.9,9221.4,8100.0,35300.0,14.6,62488531.5,85,18,22,0,0,18,0,1,80,107870,84,29,6,1,6,58.0,8754,3.83,4.31,137,3804,3868
5375,96,101520,12,8460,1,960201,38,960930,16735.4,18,20,6132.8,2300.0,18513.0,33.0,41661393.3,4683.5,3468.0,10000.0,14.6,12818867.8,22,4,8,0,0,4,0,1,76,1204953,0,0,0,1,1,100.0,12541,0.29,0.43,167,85677,99107
5635,96,77184,36,2144,1,950311,77,961001,22446.0,36,41,15884.2,1726.8,48447.0,36.3,378702585.5,13399.6,3700.0,63600.0,14.6,310694223.9,52,0,16,0,0,9,0,1,54,1204953,0,0,0,1,1,100.0,12541,0.29,0.43,167,85677,99107
6817,96,70656,48,1472,1,960105,53,961001,22476.1,29,24,5128.6,178.5,22317.0,37.4,52687910.2,5260.5,3620.0,26080.0,14.6,36370579.1,26,4,18,0,0,5,0,0,52,1204953,0,0,0,1,1,100.0,12541,0.29,0.43,167,85677,99107
5923,96,64656,48,1347,1,960608,12,961007,44749.0,9,3,6738.8,5700.0,13609.0,62.9,40520721.8,5300.0,5600.0,5700.0,4600.0,246666.7,9,0,3,0,0,0,0,0,47,67298,71,19,10,0,7,43.8,8561,0.65,1.29,110,1029,1127
5329,96,396120,60,6602,1,950415,95,961008,88610.1,36,59,21574.0,20055.0,59415.0,79.1,482500816.1,11661.9,6300.0,37300.0,30.0,135093699.3,65,0,17,0,0,13,0,1,50,51428,50,11,3,1,4,52.7,8402,3.13,3.98,120,999,1099
6644,96,93600,24,3900,1,951217,55,961014,26235.8,21,34,10912.8,900.0,45287.0,52.1,238535079.2,5968.6,3231.0,42900.0,14.6,91042978.8,31,5,10,0,5,4,0,0,72,81344,61,23,4,2,6,55.3,8899,3.39,3.97,149,2987,2487
6354,96,22968,36,638,1,960625,11,961012,38831.0,10,1,4243.1,4577.5,8200.0,16.3,15439684.6,3600.0,3600.0,3600.0,3600.0,0.0,8,0,3,0,0,0,0,1,50,93931,74,21,10,1,8,56.9,8427,1.12,1.54,107,1874,1913
5082,96,262980,60,4383,1,951021,56,961016,76081.3,24,32,10113.6,601.85,44022.0,66.3,211158259.1,5207.7,3500.0,22300.0,14.6,39111620.0,35,0,11,0,0,10,0,1,66,53921,61,22,1,1,2,41.3,8598,2.77,3.26,123,1597,1875
6585,96,372120,60,6202,1,950105,172,961026,46580.5,71,101,18717.6,17168.0,48768.0,27.1,258816573.7,12696.7,7600.0,63300.0,14.6,175859068.9,131,0,21,0,0,20,0,0,45,197099,29,41,10,2,10,74.7,9624,1.6,2.31,145,4484,4265
6921,96,86184,12,7182,1,960306,42,961028,43157.5,16,26,23035.9,21734.4,64642.0,105.0,543068322.3,12516.0,9200.0,50500.0,14.6,153709942.4,29,3,7,0,0,3,0,1,40,285387,0,2,8,5,7,89.9,10177,6.63,7.75,81,9878,10108
5366,96,86184,12,7182,1,960306,42,961028,39660.8,16,26,23036.1,21734.4,64642.0,105.0,543058965.5,12650.6,9200.0,50500.0,14.6,152130966.7,29,3,7,0,0,3,0,1,40,285387,0,2,8,5,7,89.9,10177,6.63,7.75,81,9878,10108
5886,96,192744,36,5354,1,960616,26,961015,36199.1,13,13,16504.3,10558.0,49871.0,16.8,296693675.7,14365.9,10600.0,34100.0,14.6,117772680.4,20,0,4,0,0,2,0,0,64,145688,22,41,13,2,5,40.7,8544,1.29,1.86,109,2719,2906
5741,96,68544,24,2856,1,960219,54,961031,23759.8,17,37,14909.8,900.0,44342.0,48.2,253242107.3,6209.1,1600.0,34800.0,30.0,73231309.8,35,3,8,0,4,4,0,0,76,114006,71,26,6,2,9,62.3,9065,4.46,5.39,123,4147,4166
4996,96,88440,12,7370,1,960511,31,961031,78907.6,16,15,16852.5,14682.0,47976.0,116.9,277068815.5,12715.5,9300.0,35100.0,100.0,136979271.3,21,0,6,0,0,4,0,1,45,128118,9,16,6,3,8,85.3,9317,6.49,7.07,97,6949,6872
6015,96,110112,24,4588,1,951215,82,961102,106858.1,37,45,20542.0,25586.0,45549.0,105.0,264608024.2,14515.4,9292.0,52500.0,14.6,165114936.0,59,6,10,0,0,7,0,0,63,107911,88,33,6,2,7,50.9,8240,2.53,3.56,99,1850,1903
6309,96,110136,24,4589,1,950508,63,961108,40746.5,29,34,13368.3,2400.0,45640.0,83.5,281810815.0,10203.9,4891.0,60700.0,14.6,149449900.0,39,6,12,0,0,6,0,1,58,1204953,0,0,0,1,1,100.0,12541,0.29,0.43,167,85677,99107
6073,96,276300,60,4605,1,950714,92,961111,27578.1,45,47,3480.2,3700.0,8888.0,23.2,8363193.3,2745.3,3480.0,5760.0,14.6,3117379.2,55,11,15,0,0,11,0,0,76,197099,29,41,10,2,10,74.7,9624,1.6,2.31,145,4484,4265
6006,96,359760,60,5996,1,950729,48,961110,39959.4,25,23,8558.2,1900.0,37346.0,21.9,149069909.1,7565.1,4710.0,51700.0,14.6,117839873.9,32,4,8,0,0,4,0,0,79,161854,73,21,6,1,6,76.3,9425,1.72,2.5,125,4085,3891
5611,96,321180,60,5353,1,960327,38,961108,51906.5,17,21,16276.9,1900.0,48180.0,17.7,296679600.3,11405.9,10124.0,34000.0,14.6,84163018.5,24,4,7,0,0,3,0,0,36,177686,69,27,10,1,9,74.8,10045,1.42,1.71,135,6604,6295
6944,96,46176,48,962,1,960607,17,961112,38725.1,11,6,8385.3,1000.0,18109.0,64.5,78850029.0,8918.8,10106.5,13400.0,700.0,16274373.5,12,1,4,0,0,0,0,0,66,145688,22,41,13,2,5,40.7,8544,1.29,1.86,109,2719,2906
7101,96,421008,48,8771,1,960119,50,961114,31168.0,22,28,10392.4,3000.0,31540.0,44.9,119109155.1,7052.3,8300.0,19100.0,14.6,27054730.0,30,6,9,0,0,5,0,0,53,177686,69,27,10,1,9,74.8,10045,1.42,1.71,135,6604,6295
6599,96,72120,12,6010,1,950314,102,961115,98631.7,40,62,19563.4,18530.5,54092.0,92.7,389464842.7,11030.7,6250.0,50700.0,14.6,131398293.3,68,0,19,0,0,15,0,1,52,139012,59,41,8,3,10,61.9,8363,2.52,3.49,108,2564,2799
6940,96,228276,36,6341,1,960609,20,961110,53707.9,13,7,7594.0,800.0,22288.0,66.5,65542204.0,6430.7,6700.0,9100.0,14.6,7938107.7,14,0,5,0,0,1,0,0,61,1204953,0,0,0,1,1,100.0,12541,0.29,0.43,167,85677,99107
5209,96,182640,48,3805,1,960328,40,961123,23898.3,17,23,11558.9,900.0,34246.0,11.5,150091382.3,7504.5,7900.0,23900.0,14.6,45369929.9,27,3,7,0,0,3,0,1,42,145688,22,41,13,2,5,40.7,8544,1.29,1.86,109,2719,2906
5388,96,61560,12,5130,1,960107,71,961113,20051.1,22,49,16171.6,15537.35,46166.0,79.1,265930673.0,6851.5,4900.0,30200.0,30.0,46486831.1,42,7,10,0,6,6,0,0,43,51313,34,12,3,1,4,59.2,8930,3.52,4.2,108,1328,1452
6011,96,179328,48,3736,1,960122,52,961117,36074.7,21,31,11922.3,4000.0,34960.0,35.6,149642289.6,6912.7,4930.0,23040.0,14.6,46268131.7,32,6,9,0,0,5,0,0,73,387570,0,0,0,1,1,100.0,9897,1.6,1.96,140,18721,18696
5591,96,155616,48,3242,1,960420,30,961203,24447.1,16,14,9343.2,1300.0,29176.0,35.6,108131872.7,8931.7,7800.0,21800.0,14.6,50411923.6,20,0,7,0,0,3,0,1,59,92084,55,29,4,3,5,46.7,10124,0.56,0.54,141,3810,4316
7154,96,417600,60,6960,1,951024,34,961203,58638.6,21,13,8001.9,361.8,36305.0,175.0,178010004.2,8415.4,3800.0,31700.0,100.0,93022840.2,20,0,13,0,0,1,0,0,70,157042,49,70,18,0,9,33.9,8743,1.88,2.43,111,3659,3894
7130,96,123408,24,5142,1,951123,65,961209,8357.1,25,40,7694.0,356.1,46000.0,67.5,126872367.6,4599.8,3020.0,27400.0,100.0,30585460.3,35,6,12,0,6,6,0,0,64,119895,17,4,3,2,4,89.9,10446,7.34,9.4,90,4947,4743
6818,96,155616,48,3242,1,950121,172,961211,60694.1,70,102,6448.6,179.75,26388.0,23.7,82405596.8,3830.5,2587.0,36960.0,14.6,24776261.4,92,18,44,0,0,18,0,1,71,226122,32,50,7,4,4,62.6,8994,3.8,4.79,110,9672,9208
5625,96,222180,60,3703,-1,951129,59,961210,59578.8,28,31,13417.6,7859.5,44352.0,103.2,233076937.7,10197.2,5700.0,52600.0,14.6,145436923.1,41,0,12,0,0,6,0,0,39,45714,52,10,5,1,6,55.6,8843,2.82,3.6,113,818,888
6805,96,45024,48,938,1,960521,39,961217,38384.3,20,19,8544.9,167.8,31636.5,41.0,138320144.5,6974.4,2900.0,22100.0,14.6,56441005.1,22,3,12,0,0,2,0,1,57,285387,0,2,8,5,7,89.9,10177,6.63,7.75,81,9878,10108
7233,96,115812,36,3217,1,950520,124,961218,41878.1,51,73,16555.0,9842.0,49887.0,51.1,289056932.6,10992.1,3900.0,50800.0,14.6,149916550.4,88,0,19,0,0,17,0,0,53,93931,74,21,10,1,8,56.9,8427,1.12,1.54,107,1874,1913
7308,96,129408,24,5392,1,951014,107,961210,24199.5,29,78,8811.8,2900.0,24212.0,50.1,82149520.6,2965.9,515.0,16100.0,14.6,13395380.4,65,10,13,0,10,9,0,1,62,106054,38,25,6,2,6,63.1,8110,5.77,6.55,109,3244,3079
