5895,97,93960,60,1566,0,951009,3,89,970101,49548.5,30,59,12769.22,650.0,36637.5,82.2,189978982.18426666,5653.016949152542,3525.0,30000.0,14.6,39996983.060729675,56,9,14,0,0,10,0,77917,77917,77917,77917,85,19,6,1,5,53.5,8390,2.28,2.89,132,2080,2122
7122,97,260640,36,7240,0,950902,3,78,970101,11565.4,29,49,9526.772413793104,244.7,41871.0,15.5,200092814.9530321,5402.2612244897955,4325.0,30000.0,4.6,46197715.566047475,43,6,15,0,6,7,1,58400,58400,58400,58400,65,16,4,1,6,52.4,8620,1.1,1.25,100,1089,1117
6173,97,232560,48,4845,0,950419,1,176,970107,45754.0,43,133,15302.486046511627,5000.0,43605.0,45.7,259936966.4030611,4603.4060150375935,2692.0,29100.0,100.0,37435697.233648024,109,16,20,0,15,16,0,177686,177686,177686,177686,69,27,10,1,9,74.8,10045,1.42,1.71,135,6604,6295
6142,97,221880,60,3698,0,960316,3,71,970113,38913.4,21,50,11797.642857142857,1200.0,33280.0,54.2,153955122.49292517,4176.74,2750.0,21200.0,2.0,30409370.9684,45,6,9,0,6,5,0,81344,81344,81344,81344,61,23,4,2,6,55.3,8899,3.39,3.97,149,2987,2487
5358,97,38520,12,3210,0,950604,3,114,970114,18914.3,52,62,2736.026923076923,2900.0,8800.0,19.8,6639903.118890533,2069.016129032258,2560.0,5400.0,14.6,2009972.2158688868,64,16,19,0,0,15,0,95907,95907,95907,95907,87,25,5,2,7,59.1,8388,2.41,2.94,87,1658,1668
6095,97,68340,60,1139,0,950518,3,114,970107,46156.7,40,74,13463.015,12404.5,36463.5,62.7,188097309.167275,6653.5675675675675,4200.0,33600.0,14.6,51808173.926515706,65,15,19,0,0,15,0,149893,149893,149893,149893,63,29,6,2,6,67.4,9753,4.64,5.05,109,5244,5892
6878,97,23184,12,1932,0,960315,3,58,970120,44101.4,33,25,3018.0060606060606,171.9,11748.0,37.2,16495085.914508723,2283.72,1680.0,9500.0,14.6,5805545.5936,35,0,18,0,0,5,0,161954,161954,161954,161954,21,37,20,3,8,48.0,8720,3.73,4.5,116,3729,3651
6554,97,390096,48,8127,0,960819,3,16,970116,44278.0,10,6,13407.8,12509.5,36178.0,43.5,183895239.51,14966.666666666666,15700.0,26100.0,900.0,81955555.55555555,12,0,4,0,0,0,0,112709,112709,112709,112709,48,20,7,3,10,73.5,8369,1.79,2.31,117,2854,2618
6793,97,186300,60,3105,0,960101,2,119,970125,26264.0,54,65,14436.055555555555,7097.5,48653.0,5.9,260467756.71765432,11588.969230769231,6294.0,63700.0,30.0,213711126.98366866,78,9,23,0,0,9,0,86513,86513,86513,86513,38,36,5,1,5,50.5,8288,3.79,4.52,110,1562,1460
7286,97,67320,36,1870,0,950920,3,111,970112,19757.5,38,73,5736.168421052632,2550.0,16833.0,33.3,35520792.999529086,2715.2958904109587,2200.0,11500.0,14.6,6679411.196832427,61,12,15,0,12,11,0,95616,95616,95616,95616,65,30,4,1,6,51.4,9307,3.85,4.43,118,2616,3040
6076,97,117420,60,1957,0,960704,3,43,970131,24554.4,17,26,9440.564705882352,1800.0,30794.0,65.0,116116213.51051903,5228.838461538461,2410.0,16400.0,14.6,30739984.400059175,31,2,7,0,0,3,0,75685,75685,75685,75685,31,28,5,1,9,60.8,8208,1.89,2.26,155,1660,2123
5134,97,53076,12,4423,0,960306,3,65,970131,21065.7,26,39,7826.846153846154,2550.0,23817.0,52.8,71415965.39556213,4677.748717948718,4200.0,14700.0,14.6,15014257.755318869,41,6,11,0,0,7,0,51428,51428,51428,51428,50,11,3,1,4,52.7,8402,3.13,3.98,120,999,1099
5419,97,415800,60,6930,0,960425,3,37,970131,13495.0,18,19,13169.638888888889,2200.0,48667.0,25.0,271307908.8345987,11767.0,9200.0,47600.0,14.6,154547767.09473684,24,0,8,0,0,5,0,1204953,1204953,1204953,1204953,0,0,0,1,1,100.0,12541,0.29,0.43,167,85677,99107
6255,97,247920,48,5165,0,960513,3,15,970207,23990.1,10,5,3509.0,400.0,16100.0,25.5,24269661.7,2220.0,1600.0,5000.0,200.0,3065600.0,11,0,4,0,0,0,0,106054,106054,106054,106054,38,25,6,2,6,63.1,8110,5.77,6.55,109,3244,3079
5656,97,146064,24,6086,0,960827,3,22,970207,45020.6,12,10,12579.108333333334,6809.7,44258.0,21.8,207758055.79576388,10592.86,9050.0,35100.0,14.6,93285477.9364,15,0,5,0,1,1,0,323870,323870,323870,323870,0,0,0,1,1,100.0,10673,4.75,5.44,100,18782,18347
6934,97,116832,12,9736,0,960510,3,46,970204,20739.0,23,23,5766.178260869565,2300.0,17136.0,28.6,36728818.740831755,4864.478260869565,4746.0,12100.0,14.6,14885253.240831757,27,5,9,0,0,5,0,103347,103347,103347,103347,87,16,7,1,7,67.0,9104,1.51,2.07,123,2299,2354
6028,97,317520,60,5292,0,960412,3,73,970208,38678.7,21,52,12711.923809523809,1100.0,35938.0,59.2,180176472.36562356,4389.838461538461,2011.5,21600.0,14.6,29172648.37698225,46,5,10,0,6,6,0,77963,77963,77963,77963,60,23,4,2,4,51.5,8546,2.95,4.02,126,2640,3120
6490,97,73260,60,1221,0,960830,3,21,970208,28038.0,12,9,8242.716666666667,2150.0,25654.5,5.9,85445145.54972222,7874.955555555555,4320.0,20600.0,14.6,50091543.12691358,14,1,5,0,0,1,0,285387,285387,285387,285387,0,2,8,5,7,89.9,10177,6.63,7.75,81,9878,10108
6415,97,475680,48,9910,0,961012,3,12,970209,46505.3,8,4,12925.675,11716.5,34100.0,64.3,172143346.081875,14225.0,16350.0,23900.0,300.0,75046875.0,9,0,3,0,0,0,0,159617,159617,159617,159617,29,19,8,1,9,85.2,9198,3.33,4.28,131,5796,6132
7087,97,44304,24,1846,0,960412,3,63,970213,46446.1,21,42,7941.1,7600.0,21466.0,59.7,61611009.03428572,2864.690476190476,2050.0,11600.0,14.6,7972238.804195011,43,6,9,0,0,5,0,85852,85852,85852,85852,41,23,4,2,4,59.8,8965,7.08,8.23,104,2653,2822
5420,97,72504,24,3021,0,960413,3,99,970213,17104.4,26,73,14586.83076923077,6495.5,43021.0,28.3,265371832.67213017,4961.005479452055,1051.0,62200.0,14.6,115648917.3786001,62,9,10,0,9,9,0,122603,122603,122603,122603,25,21,6,2,8,80.0,8991,1.39,2.01,128,5198,5273
5977,97,59136,48,1232,0,960608,3,44,970208,22740.4,23,21,2739.086956521739,3500.0,6620.0,23.1,5342819.166351607,1917.0666666666666,1500.0,6200.0,14.6,2896324.568888889,32,0,8,0,0,4,0,170449,170449,170449,170449,0,0,0,1,1,100.0,10787,2.64,3.09,131,6041,6261
6824,97,71976,24,2999,0,950830,1,133,970222,85375.5,60,73,11889.195,334.9,49067.0,1.9,252503601.913475,8602.41506849315,4800.0,48700.0,9.5,99849932.72977293,70,13,33,0,0,14,3,161854,161854,161854,161854,73,21,6,1,6,76.3,9425,1.72,2.5,125,4085,3891
5207,97,35904,48,748,0,960508,3,59,970219,17662.3,24,35,2823.2375,1850.0,7842.0,47.8,7144711.24984375,1431.297142857143,903.0,7200.0,14.6,2919838.7071346943,38,5,8,0,4,4,0,228848,228848,228848,228848,15,40,18,2,6,57.2,9893,4.09,4.72,96,5623,5887
7115,97,88704,48,1848,0,950504,3,131,970228,13445.7,55,76,3398.8,1300.0,11800.0,25.9,12996557.620727273,2282.9315789473685,2060.0,7000.0,14.6,3351281.7858448755,73,18,22,0,0,18,0,87419,87419,87419,87419,21,11,4,3,9,85.5,8624,1.79,2.66,102,2879,3198
7250,97,119136,48,2482,0,950602,3,119,970228,45706.4,44,75,9609.479545454546,900.0,45673.0,60.8,206007346.00435433,5028.138666666667,2600.0,37000.0,14.6,43283731.74930489,79,0,21,0,0,19,0,114006,114006,114006,114006,71,26,6,2,9,62.3,9065,4.46,5.39,123,4147,4166
6010,97,150180,60,2503,0,960819,2,16,970305,79230.1,12,4,12894.933333333332,10450.0,36791.0,73.0,165941080.57055554,18877.25,16100.0,35000.0,8309.0,115369302.6875,12,1,3,0,0,0,0,110643,110643,110643,110643,49,41,4,1,4,51.9,8441,3.45,4.48,115,1879,2252
6088,97,90180,36,2505,0,961020,3,13,970228,36566.0,10,3,7366.6,2800.0,22544.0,34.4,67243236.734,12366.666666666666,11100.0,15400.0,10600.0,4642222.222222223,9,0,4,0,0,0,0,72541,72541,72541,72541,66,26,10,0,8,36.9,8594,1.62,2.01,112,1580,1525
5682,97,67464,12,5622,0,960313,3,57,970305,59310.8,24,33,18374.679166666665,17167.5,50602.0,79.3,349967808.36248267,11566.09696969697,5800.0,36800.0,14.6,154609974.61847568,39,0,11,0,0,7,0,125236,125236,125236,125236,28,11,1,4,5,87.7,9675,6.43,7.68,100,5323,5190
7201,97,67464,12,5622,0,960313,3,57,970305,64497.2,24,33,18378.275,17167.5,50602.0,79.3,349836681.4527083,11411.551515151516,5100.0,36800.0,14.6,156285611.20249772,39,0,11,0,0,7,0,125236,125236,125236,125236,28,11,1,4,5,87.7,9675,6.43,7.68,100,5323,5190
6938,97,341280,60,5688,0,960129,3,77,970305,68367.1,28,49,19978.51785714286,18892.5,55628.0,8.5,411341214.82075256,10021.048979591837,6000.0,56700.0,14.6,116252487.43923365,55,0,13,0,0,9,0,81344,81344,81344,81344,61,23,4,2,6,55.3,8899,3.39,3.97,149,2987,2487
6875,97,83280,48,1735,0,950624,3,139,970309,41045.9,63,76,5796.187301587302,169.8,23547.0,21.0,63788198.324918106,4264.652631578947,1920.0,17500.0,14.6,25511803.86038781,83,0,40,0,0,16,0,114006,114006,114006,114006,71,26,6,2,9,62.3,9065,4.46,5.39,123,4147,4166
5953,97,97176,24,4049,0,961028,3,16,970311,91941.4,10,6,25334.85,23129.5,68788.0,19.6,672577134.7825,26901.166666666668,26000.0,43900.0,11000.0,183051606.80555555,12,0,4,0,0,0,0,112065,112065,112065,112065,95,19,7,1,8,69.4,11277,1.25,1.44,127,5179,4987
5942,97,162624,48,3388,0,950808,3,134,970309,39415.4,43,91,10368.567441860465,1900.0,30492.0,65.6,121023722.11382368,4466.2967032967035,4515.0,18400.0,14.6,11865386.696582539,84,16,19,0,0,15,0,285387,285387,285387,285387,0,2,8,5,7,89.9,10177,6.63,7.75,81,9878,10108
5382,97,22932,36,637,0,960806,3,41,970309,49208.1,17,24,6786.464705882353,6400.0,18980.0,40.0,43483981.38346021,2886.6583333333333,1550.0,11300.0,14.6,11373531.144930556,27,4,7,0,0,3,0,139012,139012,139012,139012,59,41,8,3,10,61.9,8363,2.52,3.49,108,2564,2799
6377,97,17184,12,1432,0,960511,3,70,970314,40773.2,25,45,6069.316,3000.0,17689.5,29.5,39348691.177344,2465.768888888889,1300.0,12800.0,14.6,9436865.096809877,42,6,10,0,6,6,0,1204953,1204953,1204953,1204953,0,0,0,1,1,100.0,12541,0.29,0.43,167,85677,99107
5931,97,66696,24,2779,0,960721,3,43,970309,12551.9,21,22,13156.942857142858,8410.0,47553.0,15.4,210768386.49959183,11988.354545454546,6600.0,56600.0,14.6,190870747.9961157,30,3,7,0,0,3,0,75232,75232,75232,75232,55,26,4,1,5,41.7,8980,1.95,2.21,111,2824,2813
5992,97,76080,12,6340,0,960312,3,81,970314,70923.6,25,56,19968.472,2300.0,57063.0,88.5,440864166.927616,7648.003571428571,5650.0,38900.0,14.6,70092671.0521301,55,8,11,0,0,7,0,95616,95616,95616,95616,65,30,4,1,6,51.4,9307,3.85,4.43,118,2616,3040
5790,97,84288,48,1756,0,961119,3,12,970319,37381.6,9,3,6409.055555555556,1300.0,18368.0,36.1,46693420.840246916,6766.666666666667,6500.0,11400.0,2400.0,13535555.555555556,9,0,3,0,0,0,0,161954,161954,161954,161954,21,37,20,3,8,48.0,8720,3.73,4.5,116,3729,3651
6753,97,67980,12,5665,0,961122,3,14,970305,55705.9,11,3,7291.454545454545,154.7,26454.0,32.4,95298902.79884298,8166.666666666667,7600.0,16800.0,100.0,46642222.22222222,8,0,6,0,0,0,0,125832,125832,125832,125832,151,41,2,3,5,48.3,8512,3.51,4.12,102,2247,2103
6562,97,94488,24,3937,0,960721,3,66,970318,70683.9,26,40,16150.215384615385,11590.0,49353.0,41.4,232830524.17053255,8730.54,3750.0,49400.0,14.6,134351635.2324,46,6,8,0,0,6,0,1204953,1204953,1204953,1204953,0,0,0,1,1,100.0,12541,0.29,0.43,167,85677,99107
7046,97,91632,12,7636,0,960328,3,70,970323,14930.1,34,36,3354.8,4335.0,8700.0,7.3,7505709.130588235,2753.7,1609.0,9100.0,14.6,8288029.2855555555,45,7,11,0,0,7,0,74062,74062,74062,74062,99,15,4,2,7,61.4,8114,2.38,2.62,119,1003,1181
5868,97,90156,12,7513,0,960311,3,65,970320,78119.7,26,39,24451.05769230769,22888.0,67614.0,110.7,613510603.7355177,14297.635897435897,9300.0,44900.0,14.6,181749221.5464037,45,0,12,0,0,8,0,42821,42821,42821,42821,4,13,5,1,3,48.4,8173,-1,7.01,124,-1,1358
5784,97,84600,36,2350,0,960922,3,32,970321,16915.7,14,18,12583.75,6450.0,46979.0,22.2,221093633.7725,8847.6,3000.0,35000.0,14.6,100129508.04444446,24,0,5,0,0,3,0,387570,387570,387570,387570,0,0,0,1,1,100.0,9897,1.6,1.96,140,18721,18696
5878,97,74040,12,6170,0,950705,3,190,970331,35324.8,44,146,12563.852272727272,900.0,36486.0,80.4,175013325.85249484,3544.5150684931505,3408.0,20160.0,14.6,15726810.70127979,118,17,21,0,17,17,0,182027,182027,182027,182027,17,49,12,2,7,56.4,8746,3.33,3.74,90,4355,4433
5110,97,102240,60,1704,0,950803,3,126,970331,34783.0,53,73,4780.981132075472,2500.0,14307.0,25.3,22597691.703794945,2994.8438356164384,1900.0,14400.0,14.6,8381999.0380784385,75,15,20,0,0,16,0,109164,109164,109164,109164,98,16,6,1,4,63.6,8757,3.38,3.95,96,2212,2471
5210,97,148140,36,4115,0,950726,2,118,970331,26222.2,42,76,12778.078571428572,1350.0,37032.0,25.8,181482348.26692176,6716.539473684211,4200.0,25800.0,30.0,45233896.69581025,82,0,20,0,0,16,0,53921,53921,53921,53921,61,22,1,1,2,41.3,8598,2.77,3.26,123,1597,1875
7230,97,18720,60,312,0,960729,3,42,970331,44308.1,18,24,6584.811111111111,4450.0,19137.0,11.6,44409590.28432099,3092.4333333333334,2050.0,11900.0,14.6,12303158.27222222,30,0,8,0,0,4,0,88757,88757,88757,88757,60,33,3,2,10,61.7,8554,2.47,2.68,113,1822,2218
5005,97,27456,12,2288,0,960812,2,75,970409,36280.9,27,48,17061.185185185186,15124.0,47395.0,66.3,251585605.40348423,8841.0625,2800.0,61900.0,30.0,190448578.0169271,51,5,8,0,5,6,0,161227,161227,161227,161227,5,35,11,4,10,69.7,8678,5.93,5.57,102,4980,4595
6871,97,164256,48,3422,0,960101,3,98,970412,23421.1,47,51,8673.240425531914,199.7,49398.0,1.4,207258010.8607062,7533.745098039216,3900.0,40400.0,14.6,78379279.08404459,59,0,29,0,0,10,0,75637,75637,75637,75637,35,36,9,0,7,36.5,9622,0.45,0.59,154,3475,3529
5363,97,293880,60,4898,0,951108,2,90,970401,-204.8,39,51,13022.848717948718,7400.0,47725.0,7.0,211586144.05942142,9962.666666666666,5100.0,40100.0,19.0,133151476.73202616,64,0,14,0,0,11,1,197099,197099,197099,197099,29,41,10,2,10,74.7,9624,1.6,2.31,145,4484,4265
7253,97,98304,12,8192,0,951110,3,113,970411,108445.5,41,72,23771.429268292683,1800.0,73724.0,137.4,717275814.0928019,12920.594444444445,8390.0,64100.0,14.6,184577516.8977469,83,0,17,0,0,13,0,93931,93931,93931,93931,74,21,10,1,8,56.9,8427,1.12,1.54,107,1874,1913
6055,97,399120,60,6652,0,960203,3,60,970412,18581.6,28,32,9448.110714285714,2550.0,36305.0,93.2,139889058.79024234,7686.425,5380.5,30200.0,14.6,60763126.624375,43,0,11,0,0,6,0,138032,138032,138032,138032,67,30,4,2,5,64.6,8819,5.38,5.66,99,4063,4505
5072,97,196800,24,8200,0,961011,3,23,970418,38166.1,12,11,26756.733333333334,24750.5,73802.0,111.7,746637196.9488888,25719.50909090909,23700.0,49800.0,14.6,251265962.40991735,17,0,5,0,0,1,0,112065,112065,112065,112065,95,19,7,1,8,69.4,11277,1.25,1.44,127,5179,4987
6913,97,99936,24,4164,0,950917,3,152,970426,91178.5,65,87,9591.967692307693,283.6,49312.0,17.0,187625064.77264854,6118.383908045977,3983.0,37000.0,14.6,57487147.28755714,89,14,35,0,0,14,0,1204953,1204953,1204953,1204953,0,0,0,1,1,100.0,12541,0.29,0.43,167,85677,99107
6386,97,124344,36,3454,0,950819,3,148,970427,66449.9,46,102,10777.208695652174,6247.0,48295.0,43.0,190634219.464707,4208.835294117647,2557.0,63000.0,14.6,46472678.55247981,77,17,20,0,17,17,0,161854,161854,161854,161854,73,21,6,1,6,76.3,9425,1.72,2.5,125,4085,3891
5634,97,39024,12,3252,0,951118,3,136,970430,35422.1,47,89,15311.553191489362,10491.0,49768.0,75.1,282023205.01483023,7687.876404494382,6411.0,58400.0,14.6,102705579.19146572,89,15,17,0,0,15,0,197099,197099,197099,197099,29,41,10,2,10,74.7,9624,1.6,2.31,145,4484,4265
5758,97,307200,60,5120,0,960423,3,68,970430,10058.2,28,40,15416.589285714286,4550.0,49725.0,3.7,354657739.1880995,10540.52,5550.0,61400.0,14.6,185436744.96159998,48,0,12,0,0,8,0,107911,107911,107911,107911,88,33,6,2,7,50.9,8240,2.53,3.56,99,1850,1903
6819,97,50112,24,2088,0,970115,3,16,970430,68352.1,14,2,8301.207142857143,582.35,46534.0,9.3,174063180.58637756,23800.0,23800.0,25900.0,21700.0,4410000.0,9,0,7,0,0,0,0,162580,162580,162580,162580,83,26,5,1,6,72.8,9538,1.51,1.81,111,6079,5410
7088,97,239160,60,3986,0,960221,3,106,970430,28625.4,30,76,12044.596666666666,350.0,35871.0,33.1,169480474.98232222,4377.986842105263,2193.0,29600.0,14.6,34369713.34982687,63,9,14,0,10,10,0,67298,67298,67298,67298,71,19,10,0,7,43.8,8561,0.65,1.29,110,1029,1127
5039,97,66840,24,2785,0,960126,1,94,970430,22774.3,34,60,17671.83823529412,1750.0,55346.0,21.5,389208918.8705969,9636.133333333333,8850.0,59900.0,100.0,96713116.48222223,57,11,15,0,0,11,0,58796,58796,58796,58796,22,16,7,1,5,51.9,9045,3.13,3.6,124,1845,1879
5532,97,335280,48,6985,0,960126,2,97,970430,29850.9,31,66,21735.348387096776,500.0,62868.0,23.1,519238252.0199168,9756.742424242424,4651.5,38900.0,30.0,138558916.37304866,61,10,15,0,0,11,0,161954,161954,161954,161954,21,37,20,3,8,48.0,8720,3.73,4.5,116,3729,3651
6037,97,53232,48,1109,0,950805,3,150,970430,35627.1,50,100,4457.838,3350.0,12613.5,29.4,18909555.830355998,1872.792,1080.0,15360.0,14.6,4544843.171936,95,17,21,0,0,17,0,226122,226122,226122,226122,32,50,7,4,4,62.6,8994,3.8,4.79,110,9672,9208
6322,97,76992,24,3208,0,961218,3,35,970501,52478.9,18,17,15869.294444444444,16432.0,44561.0,55.0,208767050.11496913,13715.788235294118,12587.0,40500.0,14.6,180412385.4751557,26,0,5,0,0,4,0,323870,323870,323870,323870,0,0,0,1,1,100.0,10673,4.75,5.44,100,18782,18347
6887,97,39576,12,3298,0,960604,3,75,970430,29658.4,35,40,6910.888571428572,142.5,29685.0,54.6,103356689.81244081,5481.055,3800.0,21100.0,14.6,29542468.389975,40,6,22,0,0,7,0,228848,228848,228848,228848,15,40,18,2,6,57.2,9893,4.09,4.72,96,5623,5887
6660,97,220428,36,6123,0,961124,3,20,970430,48488.5,11,9,23151.645454545454,600.0,69012.0,49.3,666747305.2406611,22908.844444444443,23700.0,47800.0,14.6,255598450.46024692,13,1,5,0,0,1,0,106054,106054,106054,106054,38,25,6,2,6,63.1,8110,5.77,6.55,109,3244,3079
5451,97,159744,48,3328,0,960804,3,28,970507,53598.4,15,13,14929.38,6400.0,42869.0,125.0,283921858.8216,13103.246153846154,7700.0,42000.0,14.6,180588851.41017753,19,2,5,0,0,2,0,70699,70699,70699,70699,60,13,2,1,4,65.3,8968,2.83,3.35,131,1740,1910
6014,97,165168,36,4588,0,960212,3,97,970514,25659.5,30,67,14754.223333333333,13915.5,41296.0,65.1,224463294.68845555,6223.388059701492,6327.0,27600.0,14.6,27459940.738961905,62,11,14,0,0,10,0,1204953,1204953,1204953,1204953,0,0,0,1,1,100.0,12541,0.29,0.43,167,85677,99107
5556,97,268320,60,4472,0,960904,3,52,970509,12652.9,21,31,6053.638095238095,4000.0,18224.0,44.6,37446814.836643994,3692.690322580645,4040.0,13200.0,14.6,7449607.782809573,35,5,8,0,0,4,0,1204953,1204953,1204953,1204953,0,0,0,1,1,100.0,12541,0.29,0.43,167,85677,99107
6346,97,100260,60,1671,0,950708,3,62,970518,77813.6,33,29,10465.766666666666,1000.0,46073.0,104.2,243924155.79373738,9226.082758620689,5100.0,49000.0,14.6,127184016.26349585,42,0,16,0,0,4,0,1204953,1204953,1204953,1204953,0,0,0,1,1,100.0,12541,0.29,0.43,167,85677,99107
5850,97,164196,36,4561,0,960204,1,49,970520,82971.3,28,21,12491.942857142858,6972.5,44764.0,2.6,194165565.15959182,12704.904761904761,4797.0,63500.0,100.0,285930207.7052154,37,3,7,0,0,2,0,197099,197099,197099,197099,29,41,10,2,10,74.7,9624,1.6,2.31,145,4484,4265
5940,97,106944,24,4456,0,970103,3,18,970526,54045.6,10,8,15913.26,16140.0,31480.0,95.5,242352199.4904,13135.875,12950.0,27400.0,437.0,122262619.359375,12,1,4,0,1,0,0,86513,86513,86513,86513,38,36,5,1,5,50.5,8288,3.79,4.52,110,1562,1460
7119,97,86880,12,7240,0,960621,3,58,970531,34589.9,23,35,21839.58695652174,500.0,65160.0,48.6,528115470.07939506,13363.862857142858,8200.0,40600.0,14.6,171403102.42462042,40,0,11,0,0,7,0,103347,103347,103347,103347,87,16,7,1,7,67.0,9104,1.51,2.07,123,2299,2354
5253,97,100080,48,2085,0,970220,3,10,970531,29942.7,8,2,5230.3375,2050.0,12508.0,22.3,33131129.80984375,5950.0,5950.0,8800.0,3100.0,8122500.0,7,0,3,0,0,0,0,114200,114200,114200,114200,101,41,4,1,4,43.7,8403,5.74,5.72,105,2157,2718
6851,97,272220,60,4537,0,960718,3,63,970531,1594.9,31,32,7412.767741935484,194.0,44581.0,2.0,140996955.38541102,7131.73125,4600.0,26600.0,0.4,56438880.32402343,30,6,19,0,0,6,2,170449,170449,170449,170449,0,0,0,1,1,100.0,10787,2.64,3.09,131,6041,6261
6695,97,309660,60,5161,0,970119,3,17,970531,44808.4,13,4,9669.86923076923,157.3,30967.0,43.1,201656604.48982248,20225.0,24950.0,27900.0,3100.0,100256875.0,9,0,8,0,0,0,0,121947,121947,121947,121947,37,28,7,3,11,70.5,8541,2.51,2.97,131,3496,3839
6908,97,188616,24,7859,0,951103,3,63,970531,56930.2,40,23,6857.425,212.0,49720.0,3.4,180197093.352875,9438.46956521739,7800.0,39900.0,14.6,81639902.89603025,35,3,22,0,0,3,0,108871,108871,108871,108871,41,29,7,2,6,62.1,8444,3.24,3.47,106,2595,2305
7255,97,213300,60,3555,0,961210,3,22,970608,37716.7,13,9,12245.561538461538,800.0,36368.0,77.7,177929669.62390533,13497.288888888888,13400.0,27400.0,14.6,72919763.11209877,15,1,5,0,0,1,0,72541,72541,72541,72541,66,26,10,0,8,36.9,8594,1.62,2.01,112,1580,1525
5674,97,207264,48,4318,0,960902,1,58,970531,46181.9,26,32,17149.073076923076,14957.0,48009.0,110.5,245743035.07119823,12490.4375,4457.5,56700.0,100.0,218356756.12109375,46,0,7,0,0,5,0,95907,95907,95907,95907,87,25,5,2,7,59.1,8388,2.41,2.94,87,1658,1668
6278,97,87360,24,3640,0,961101,3,69,970608,58492.3,27,42,21991.3,20937.0,49495.0,200.0,280433671.85555553,12744.585714285715,7274.0,58400.0,14.6,171890712.58931974,51,6,6,0,0,6,0,95616,95616,95616,95616,65,30,4,1,6,51.4,9307,3.85,4.43,118,2616,3040
5486,97,466608,48,9721,0,951116,3,102,970611,60775.8,42,60,8669.52619047619,5600.0,23832.0,51.5,74526140.02859977,5055.74,4160.0,13600.0,14.6,18638336.123066664,70,0,18,0,0,14,0,77963,77963,77963,77963,60,23,4,2,4,51.5,8546,2.95,4.02,126,2640,3120
5174,97,385104,48,8023,0,960114,3,102,970607,61999.6,34,68,26296.820588235296,24568.5,72206.0,88.3,722681625.0998703,12387.54705882353,10261.0,42800.0,14.6,114939445.6583737,61,13,16,0,0,12,0,387570,387570,387570,387570,0,0,0,1,1,100.0,9897,1.6,1.96,140,18721,18696
6621,97,42900,12,3575,0,950907,3,175,970612,97149.3,65,110,16098.23076923077,6800.0,49432.0,20.7,300337677.20397633,8629.416363636363,6055.0,63700.0,14.6,104925383.29464132,118,18,21,0,0,18,0,121947,121947,121947,121947,37,28,7,3,11,70.5,8541,2.51,2.97,131,3496,3839
6313,97,150912,36,4192,0,960717,3,67,970612,43737.3,30,37,12075.023333333333,7944.5,46089.0,87.7,169494768.84712222,8608.47027027027,3900.0,50600.0,14.6,120916387.1312783,48,0,10,0,0,9,0,102609,102609,102609,102609,75,33,2,3,6,52.0,8187,4.83,5.45,94,2123,2134
6435,97,288720,48,6015,0,961226,3,21,970607,102188.4,12,9,19650.25,18246.0,54138.0,31.1,400900955.83416665,14846.066666666668,6000.0,32000.0,14.6,168694328.21333334,15,0,5,0,0,1,0,121947,121947,121947,121947,37,28,7,3,11,70.5,8541,2.51,2.97,131,3496,3839
6970,97,31620,60,527,0,961013,3,37,970613,25880.0,17,20,7541.170588235294,4400.0,20433.0,48.9,58898633.03737024,5115.99,2750.0,12600.0,14.6,23375205.4939,23,4,7,0,0,3,0,112065,112065,112065,112065,95,19,7,1,8,69.4,11277,1.25,1.44,127,5179,4987
6310,97,34572,12,2881,0,961101,3,40,970605,83661.6,21,19,14715.576190476191,9900.0,49784.0,98.6,252956515.36848074,11861.336842105264,12300.0,40800.0,14.6,126101982.50969528,30,0,6,0,0,4,0,1204953,1204953,1204953,1204953,0,0,0,1,1,100.0,12541,0.29,0.43,167,85677,99107
5932,97,33348,12,2779,0,960615,3,63,970617,17171.7,26,37,14527.261538461538,8245.0,49787.0,44.8,273254402.7754438,9744.243243243243,3000.0,42700.0,14.6,138861346.9300219,42,0,11,0,0,10,0,81344,81344,81344,81344,61,23,4,2,6,55.3,8899,3.39,3.97,149,2987,2487
6877,97,285240,60,4754,0,960925,3,54,970612,59862.7,26,28,11099.815384615385,219.1,42783.0,20.8,236676176.45207098,8169.0142857142855,4450.0,28000.0,14.6,54876763.12265306,30,4,16,0,0,4,0,323870,323870,323870,323870,0,0,0,1,1,100.0,10673,4.75,5.44,100,18782,18347
6763,97,88272,48,1839,0,960516,3,77,970613,7083.3,40,37,4182.83,92.55,16554.0,28.3,33953535.3526,4330.5351351351355,5400.0,11000.0,14.6,11891891.01849525,36,9,24,0,0,8,0,1204953,1204953,1204953,1204953,0,0,0,1,1,100.0,12541,0.29,0.43,167,85677,99107
7085,97,305424,48,6363,0,960708,3,83,970612,9680.4,30,53,13980.793333333333,8074.5,47968.0,36.9,272728171.3466222,7731.007547169811,4880.0,58900.0,14.6,109090022.20069776,54,9,11,0,0,9,0,285387,285387,285387,285387,0,2,8,5,7,89.9,10177,6.63,7.75,81,9878,10108
7049,97,233424,36,6484,0,961013,2,49,970613,47248.7,17,32,20934.74705882353,4200.0,58353.0,85.2,497519629.8436678,9645.0625,4100.0,62800.0,30.0,197044677.87109375,31,4,7,0,4,3,0,149893,149893,149893,149893,63,29,6,2,6,67.4,9753,4.64,5.05,109,5244,5892
6959,97,59448,24,2477,0,960108,3,120,970625,54909.1,55,65,12094.46,349.3,48601.0,47.2,245056905.99512726,9389.016923076922,3000.0,38900.0,0.2,114151267.00140591,73,0,29,0,0,12,6,285387,285387,285387,285387,0,2,8,5,7,89.9,10177,6.63,7.75,81,9878,10108
5214,97,74772,36,2077,0,960607,1,71,970630,33177.4,30,41,6351.083333333333,2050.0,18696.0,45.3,47152973.296722226,3837.9268292682927,4100.0,13400.0,100.0,11355957.482450921,41,8,13,0,0,9,0,157042,157042,157042,157042,49,70,18,0,9,33.9,8743,1.88,2.43,111,3659,3894
6350,97,294384,48,6133,0,960103,3,129,970706,47113.5,54,75,17758.787037037036,16258.0,49771.0,131.3,263792605.12335047,12158.146666666667,7600.0,63900.0,14.6,178782597.8904889,96,0,18,0,0,15,0,387570,387570,387570,387570,0,0,0,1,1,100.0,9897,1.6,1.96,140,18721,18696
5063,97,357840,48,7455,0,970330,3,2,970628,10100.0,2,0,5050.0,5050.0,9500.0,600.0,19802500.0,0,0,0,0,0,2,0,0,0,0,0,0,387570,387570,387570,387570,0,0,0,1,1,100.0,9897,1.6,1.96,140,18721,18696
5041,97,369000,60,6150,0,951017,2,171,970710,59544.8,49,122,11173.014285714286,5600.0,47415.0,35.5,206024181.1844898,3999.4508196721313,2196.0,25000.0,30.0,29230029.427909162,95,18,20,0,19,19,0,162580,162580,162580,162580,83,26,5,1,6,72.8,9538,1.51,1.81,111,6079,5410
5086,97,210384,48,4383,0,960320,3,59,970713,46478.3,29,30,8761.727586206896,310.2,48984.0,38.2,209256813.079239,6920.386666666666,6350.0,28400.0,14.6,45863780.88248889,33,6,14,0,0,6,0,285387,285387,285387,285387,0,2,8,5,7,89.9,10177,6.63,7.75,81,9878,10108
6942,97,18324,12,1527,0,960512,3,86,970714,39555.8,30,56,11270.39,10513.0,30489.0,50.9,131222029.2829,5479.910714285715,3000.0,23600.0,14.6,31218026.82417092,51,11,14,0,0,10,0,108871,108871,108871,108871,41,29,7,2,6,62.1,8444,3.24,3.47,106,2595,2305
5270,97,191088,48,3981,0,960608,3,78,970718,38391.7,29,49,9769.768965517242,700.0,27111.0,65.2,104532765.53179547,4998.6,3900.0,18100.0,14.6,20155898.41632653,47,9,13,0,0,9,0,102609,102609,102609,102609,75,33,2,3,6,52.0,8187,4.83,5.45,94,2123,2134
6705,97,333648,48,6951,0,960917,3,97,970720,99815.6,43,54,15476.625581395348,7700.0,48318.0,35.4,286877350.46748513,10475.54074074074,7969.5,64800.0,14.6,163430911.543155,65,7,18,0,0,7,0,177686,177686,177686,177686,69,27,10,1,9,74.8,10045,1.42,1.71,135,6604,6295
7051,97,77808,12,6484,0,970402,3,23,970721,57698.3,13,10,12957.092307692308,8040.0,33149.0,220.1,144862544.46994084,11074.38,6100.0,38000.0,14.6,155397171.5636,17,0,3,0,0,3,0,1204953,1204953,1204953,1204953,0,0,0,1,1,100.0,12541,0.29,0.43,167,85677,99107
6758,97,33144,12,2762,0,970128,3,32,970727,31693.2,20,12,5308.73,332.1,23496.0,2.6,60952315.6171,6206.8,2300.0,34880.0,14.6,91246234.44,19,1,10,0,1,1,0,285387,285387,285387,285387,0,2,8,5,7,89.9,10177,6.63,7.75,81,9878,10108
6249,97,67608,24,2817,0,970122,3,23,970721,17205.7,13,10,8868.415384615384,4700.0,25356.0,26.0,82416105.88130176,9808.36,10584.5,21700.0,14.6,46089611.5264,16,1,5,0,0,1,0,387570,387570,387570,387570,0,0,0,1,1,100.0,9897,1.6,1.96,140,18721,18696
5808,97,41856,48,872,0,960526,3,103,970720,37069.1,28,75,10136.810714285713,9472.0,27216.0,22.0,105969760.11024235,3290.152,1298.0,15900.0,14.6,23839987.929429334,61,10,13,0,10,9,0,387570,387570,387570,387570,0,0,0,1,1,100.0,9897,1.6,1.96,140,18721,18696
5377,97,92400,12,7700,0,960502,3,104,970731,46503.6,39,65,12853.674358974358,7100.0,45358.0,57.5,207489865.79626563,6996.987692307693,3407.0,55600.0,14.6,88747672.20169467,66,11,15,0,0,12,0,285387,285387,285387,285387,0,2,8,5,7,89.9,10177,6.63,7.75,81,9878,10108
5446,97,48312,24,2013,0,960319,3,94,970731,41182.1,45,49,6374.2555555555555,4900.0,18117.0,37.7,37302696.8971358,5013.45306122449,2400.0,13400.0,14.6,20856732.197184507,54,12,16,0,0,12,0,102609,102609,102609,102609,75,33,2,3,6,52.0,8187,4.83,5.45,94,2123,2134
5856,97,51360,12,4280,0,960723,3,87,970805,64529.7,41,46,18153.10487804878,19907.0,49781.0,38.0,263857976.4282689,14777.119565217392,5850.0,56300.0,0.8,282915479.8154868,63,0,13,0,0,9,2,117897,117897,117897,117897,139,28,5,1,6,53.8,8814,4.76,5.74,107,2112,2059
4986,97,102876,12,8573,0,960505,3,118,970807,40516.3,33,85,9274.421212121211,2600.0,26892.0,45.6,97460928.03076217,3123.995294117647,1436.0,18600.0,3.0,17803171.16421315,71,10,15,0,11,11,0,323870,323870,323870,323870,0,0,0,1,1,100.0,10673,4.75,5.44,100,18782,18347
7001,97,300600,60,5010,0,960708,3,95,970808,73926.0,28,67,15627.82142857143,6650.0,45094.0,137.0,261314913.34096938,5427.653731343284,2100.0,28400.0,14.6,51973862.72308309,59,8,12,0,8,8,0,67298,67298,67298,67298,71,19,10,0,7,43.8,8561,0.65,1.29,110,1029,1127
6677,97,97980,60,1633,0,951128,3,137,970808,16038.7,45,92,5760.453333333333,1900.0,16518.0,12.4,35620365.20471111,2643.278260869565,2148.0,12700.0,14.6,5331709.106918715,85,16,20,0,0,16,0,45714,45714,45714,45714,52,10,5,1,6,55.6,8843,2.82,3.6,113,818,888
6665,97,99300,60,1655,0,951014,3,144,970807,32199.4,45,99,10091.195555555556,3100.0,27963.0,55.9,106913626.10753581,4261.658585858586,1800.0,21500.0,14.6,23759009.77151719,88,18,21,0,0,17,0,108871,108871,108871,108871,41,29,7,2,6,62.1,8444,3.24,3.47,106,2595,2305
5817,97,100800,24,4200,0,960503,3,64,970812,-1571.5,22,42,9040.045454545454,800.0,45402.0,2.3,194734116.43975204,4772.676190476191,221.0,34500.0,2.4,58341003.95657596,33,4,10,0,7,7,3,102609,102609,102609,102609,75,33,2,3,6,52.0,8187,4.83,5.45,94,2123,2134
6984,97,116040,60,1934,0,970101,3,39,970814,34464.7,17,22,5604.505882352942,2700.0,16041.0,37.8,31297925.491141867,2850.5363636363636,1700.0,9800.0,14.6,8034900.597768595,25,4,7,0,0,3,0,387570,387570,387570,387570,0,0,0,1,1,100.0,9897,1.6,1.96,140,18721,18696
6541,97,153504,48,3198,0,960402,3,111,970814,27633.1,35,76,10267.271428571428,1700.0,28780.0,51.4,112932409.02604082,4364.752631578947,3200.0,17900.0,14.6,18449212.200914126,70,13,16,0,0,12,0,108871,108871,108871,108871,41,29,7,2,6,62.1,8444,3.24,3.47,106,2595,2305
5117,97,76944,12,6412,0,960303,3,110,970815,59256.4,39,71,12496.935897435897,6100.0,49059.0,39.5,217829394.10794213,6029.915492957746,6041.0,49800.0,14.6,47998857.59285856,64,11,14,0,11,10,0,1204953,1204953,1204953,1204953,0,0,0,1,1,100.0,12541,0.29,0.43,167,85677,99107
6097,97,202848,48,4226,0,960906,2,74,970812,33802.0,28,46,12468.107142857143,3750.0,38037.0,76.7,182097392.24137756,6854.45652173913,6206.5,27300.0,30.0,37268048.37854443,48,8,11,0,0,7,0,127369,127369,127369,127369,31,32,13,2,7,51.2,8369,4.73,5.88,107,3736,2807
5389,97,78600,24,3275,0,970408,3,14,970813,67058.7,11,3,10078.063636363637,1300.0,29474.0,51.1,118025965.7277686,14600.0,17800.0,18600.0,7400.0,26026666.666666668,10,0,4,0,0,0,0,121947,121947,121947,121947,37,28,7,3,11,70.5,8541,2.51,2.97,131,3496,3839
7219,97,57120,48,1190,0,961121,3,49,970818,42762.2,20,29,5139.275,4550.0,13722.0,33.7,25097874.662875,2069.7724137931036,1682.0,6000.0,14.6,2025320.694411415,32,5,8,0,0,4,0,105058,105058,105058,105058,32,19,7,2,10,81.0,9272,2.8,3.22,118,4340,4505
6338,97,390660,60,6511,0,961020,3,81,970822,60956.6,32,49,20890.590625,23824.5,49094.0,43.5,266682425.03647462,12398.820408163265,8000.0,61600.0,14.6,180727654.3661141,57,8,9,0,0,7,0,1204953,1204953,1204953,1204953,0,0,0,1,1,100.0,12541,0.29,0.43,167,85677,99107
6922,97,83628,36,2323,0,961230,3,34,970809,31228.0,17,17,7395.458823529411,6000.0,20904.0,8.2,53119597.25653979,5558.517647058824,4200.0,15400.0,14.6,22351378.06615917,24,0,7,0,0,3,0,387570,387570,387570,387570,0,0,0,1,1,100.0,9897,1.6,1.96,140,18721,18696
5367,97,83628,36,2323,0,961230,3,34,970809,31814.7,17,17,7394.676470588235,6000.0,20904.0,8.2,53131083.230034605,5523.2235294117645,4200.0,15400.0,14.6,22601321.872387543,24,0,7,0,0,3,0,387570,387570,387570,387570,0,0,0,1,1,100.0,9897,1.6,1.96,140,18721,18696
5638,97,68124,12,5677,0,961011,3,51,970813,16430.9,21,30,11037.433333333332,2300.0,30993.0,68.5,132609773.08507936,7178.5,6150.0,21200.0,14.6,31402201.743333332,31,6,9,0,0,5,0,323870,323870,323870,323870,0,0,0,1,1,100.0,10673,4.75,5.44,100,18782,18347
5830,97,405780,60,6763,0,951004,3,176,970824,41532.1,61,115,5634.5918032786885,3100.0,16557.0,31.6,31208198.669604946,2627.633043478261,1242.0,15680.0,14.6,7022645.5269081285,99,19,22,0,18,18,0,145688,145688,145688,145688,22,41,13,2,5,40.7,8544,1.29,1.86,109,2719,2906
5338,97,57360,12,4780,0,961021,3,75,970817,15016.3,29,46,11038.958620689655,200.9,43260.0,39.2,236670693.85621876,6632.897826086956,3473.0,29100.0,2.3,57712798.75673441,39,6,18,0,6,5,1,77963,77963,77963,77963,60,23,4,2,4,51.5,8546,2.95,4.02,126,2640,3120
6007,97,289920,48,6040,0,961014,3,45,970810,54561.4,20,25,20046.72,18319.5,54358.0,77.3,418943760.4106,13854.92,5700.0,32700.0,14.6,141627234.4256,31,0,9,0,0,5,0,133777,133777,133777,133777,24,17,7,3,11,84.7,8705,5.75,7.61,116,4650,4859
6612,97,97392,12,8116,0,960727,3,81,970821,20146.2,35,46,10879.948571428571,3500.0,47841.0,7.9,200237307.6190694,7840.260869565217,6327.0,48700.0,14.6,89718499.01020794,48,10,13,0,0,10,0,285387,285387,285387,285387,0,2,8,5,7,89.9,10177,6.63,7.75,81,9878,10108
5718,97,14028,12,1169,0,951028,3,156,970831,51785.0,48,108,8270.745833333332,850.0,23964.0,13.1,76303358.6116493,3196.3962962962964,1300.0,19040.0,14.6,14891812.354801098,98,18,22,0,0,18,0,107911,107911,107911,107911,88,33,6,2,7,50.9,8240,2.53,3.56,99,1850,1903
6104,97,158184,36,4394,0,960426,3,95,970831,28819.1,38,57,10664.952631578948,2300.0,48437.0,20.3,220344251.7703878,6604.368421052632,3900.0,52400.0,14.6,94525153.18707293,63,0,17,0,0,15,0,162580,162580,162580,162580,83,26,5,1,6,72.8,9538,1.51,1.81,111,6079,5410
5229,97,23520,12,1960,0,960916,3,63,970831,19087.2,24,39,6154.358333333334,2750.0,17642.0,37.1,40987715.21243055,3297.876923076923,3368.0,11200.0,14.6,6330422.444339251,38,7,11,0,0,7,0,107911,107911,107911,107911,88,33,6,2,7,50.9,8240,2.53,3.56,99,1850,1903
6625,97,473280,60,7888,0,961227,3,43,970831,25746.5,23,20,9128.41304347826,229.9,46632.0,12.6,196109386.0272212,9202.95,5300.0,55900.0,14.6,180471214.38750002,24,0,14,0,0,5,0,387570,387570,387570,387570,0,0,0,1,1,100.0,9897,1.6,1.96,140,18721,18696
5206,97,128544,24,5356,0,961124,1,60,970831,31082.1,21,39,11895.338095238096,348.0,45043.0,37.7,239255108.31188208,5608.205128205128,3674.0,59100.0,38.0,108493151.13740961,34,5,10,0,5,6,0,323870,323870,323870,323870,0,0,0,1,1,100.0,10673,4.75,5.44,100,18782,18347
5963,97,204780,60,3413,0,970221,3,23,970901,89411.0,14,9,16624.814285714285,3387.45,49675.0,173.7,426047850.42122453,15926.288888888888,14322.0,46400.0,14.6,190171088.57876542,16,0,6,0,0,1,0,387570,387570,387570,387570,0,0,0,1,1,100.0,9897,1.6,1.96,140,18721,18696
4990,97,162576,36,4516,0,960717,3,84,970906,55539.8,28,56,11853.042857142857,700.0,35157.0,53.4,163658128.35887754,4934.739285714286,3050.0,23000.0,14.6,45434106.22559949,53,9,13,0,0,9,0,159617,159617,159617,159617,29,19,8,1,9,85.2,9198,3.33,4.28,131,5796,6132
6641,97,128268,36,3563,0,970323,3,18,970831,48323.8,12,6,11103.2,456.5,35914.0,30.9,175345707.02166668,14152.433333333332,16850.0,24500.0,14.6,103100332.93888889,12,0,5,0,0,1,0,159617,159617,159617,159617,29,19,8,1,9,85.2,9198,3.33,4.28,131,5796,6132
5369,97,214596,36,5961,0,970427,3,17,970907,86514.1,10,7,27251.41,24856.5,73970.0,25.8,777268328.8209,26571.428571428572,24300.0,63100.0,7100.0,285567755.1020408,13,0,4,0,0,0,0,323870,323870,323870,323870,0,0,0,1,1,100.0,10673,4.75,5.44,100,18782,18347
6196,97,177804,36,4939,0,960718,3,91,970911,46296.7,40,51,15879.9825,10754.5,48515.0,106.6,268098350.25244376,11547.109803921569,8100.0,60100.0,14.6,188539318.56362936,67,0,13,0,0,11,0,95616,95616,95616,95616,65,30,4,1,6,51.4,9307,3.85,4.43,118,2616,3040
5236,97,389136,48,8107,0,960926,3,62,970914,78769.8,24,38,26478.8375,24672.0,72966.0,29.0,728518710.3948437,14650.584210526316,9550.0,57700.0,14.6,189859265.29343492,44,0,11,0,0,7,0,107911,107911,107911,107911,88,33,6,2,7,50.9,8240,2.53,3.56,99,1850,1903
5719,97,271584,48,5658,0,960428,3,90,970915,92401.4,41,49,16807.175609756097,12955.0,48039.0,131.1,278318720.4189173,12177.395918367347,8500.0,39600.0,14.6,120503980.88079967,65,0,16,0,0,9,0,1204953,1204953,1204953,1204953,0,0,0,1,1,100.0,12541,0.29,0.43,167,85677,99107
5643,97,94512,12,7876,0,951229,3,134,970919,53211.1,63,71,17960.522222222222,224.6,74642.0,21.1,650482760.3906174,15601.430985915493,10857.0,78900.0,14.6,237974515.79115257,78,0,40,0,0,16,0,323870,323870,323870,323870,0,0,0,1,1,100.0,10673,4.75,5.44,100,18782,18347
7050,97,311232,48,6484,0,960330,3,136,970922,52289.2,62,74,18618.924193548388,17573.5,49001.0,6.7,260031898.9889308,14893.027027027027,8571.0,61300.0,14.6,214918449.59926954,104,0,17,0,0,15,0,127369,127369,127369,127369,31,32,13,2,7,51.2,8369,4.73,5.88,107,3736,2807
6355,97,127200,48,2650,0,960608,3,95,970911,39078.4,40,55,7532.465,5250.0,23852.0,68.1,59824374.584275,4767.636363636364,5504.0,15900.0,14.6,12116268.915041322,61,10,14,0,0,10,0,88768,88768,88768,88768,10,18,5,1,7,80.5,8867,1.02,1.21,130,3384,3620
6688,97,8616,24,359,0,960919,3,79,970914,29184.0,37,42,4643.489189189189,121.7,19051.5,26.1,41970903.35880204,3395.8380952380953,1999.0,14200.0,14.6,13280697.895691609,43,7,22,0,0,7,0,108871,108871,108871,108871,41,29,7,2,6,62.1,8444,3.24,3.47,106,2595,2305
6239,97,360864,48,7518,0,960919,2,86,970924,27383.2,41,45,15135.351219512195,5500.0,48724.0,72.0,311002643.8820107,13181.466666666667,9500.0,64000.0,30.0,202139885.22666666,52,8,18,0,0,8,0,77963,77963,77963,77963,60,23,4,2,4,51.5,8546,2.95,4.02,126,2640,3120
5531,97,66432,24,2768,0,960213,3,107,970907,17745.1,39,68,11689.346153846154,1600.0,33032.0,58.8,146319544.99069032,6443.226470588235,6869.0,24200.0,14.6,34381897.34341696,60,15,18,0,0,14,0,170449,170449,170449,170449,0,0,0,1,1,100.0,10787,2.64,3.09,131,6041,6261
6113,97,78696,36,2186,0,970219,3,41,970930,36292.9,16,25,6538.1,2650.0,19674.0,27.2,47183156.39,2732.672,859.0,13752.0,14.6,14364893.839615999,25,3,7,0,3,3,0,226122,226122,226122,226122,32,50,7,4,4,62.6,8994,3.8,4.79,110,9672,9208
7181,97,197808,24,8242,0,970530,3,15,970930,43883.1,9,6,24920.344444444443,900.0,74176.0,13.3,805570644.8024691,30066.666666666668,31200.0,45700.0,17600.0,100648888.8888889,11,0,4,0,0,0,0,1204953,1204953,1204953,1204953,0,0,0,1,1,100.0,12541,0.29,0.43,167,85677,99107
6118,97,349392,48,7279,0,951217,3,145,970930,64035.7,61,84,15537.231147540984,12042.0,47998.0,48.3,261106631.96181673,10520.657142857142,6342.0,52700.0,14.6,144418853.91006804,90,16,22,0,0,17,0,161954,161954,161954,161954,21,37,20,3,8,48.0,8720,3.73,4.5,116,3729,3651
7264,97,44940,12,3745,0,970211,2,40,971004,76986.0,21,19,14239.857142857143,9736.0,47238.0,64.7,250171722.54816324,11686.894736842105,4400.0,78600.0,30.0,316546348.30470914,29,0,7,0,0,4,0,1204953,1204953,1204953,1204953,0,0,0,1,1,100.0,12541,0.29,0.43,167,85677,99107
5343,97,44952,24,1873,0,960801,3,89,970930,51732.9,30,59,15011.49,2650.0,49785.0,71.5,336978617.5795667,6756.379661016949,4000.0,38800.0,14.6,81379464.44297616,57,9,14,0,0,9,0,1204953,1204953,1204953,1204953,0,0,0,1,1,100.0,12541,0.29,0.43,167,85677,99107
5051,97,230400,60,3840,0,960722,3,168,971007,49277.3,53,115,20421.258490566037,18989.0,48038.0,42.1,274955746.62356,8983.038260869565,3000.0,59900.0,2.0,196779993.26671,113,13,15,0,13,14,0,228848,228848,228848,228848,15,40,18,2,6,57.2,9893,4.09,4.72,96,5623,5887
5779,97,107352,36,2982,0,960510,2,84,971010,61126.0,45,39,11898.48,4400.0,48282.0,22.2,236024292.61271113,12161.692307692309,11700.0,41200.0,30.0,144624383.49506903,53,7,17,0,0,7,0,67298,67298,67298,67298,71,19,10,0,7,43.8,8561,0.65,1.29,110,1029,1127
6605,97,79344,48,1653,0,960326,3,105,971010,34308.1,47,58,3388.687234042553,1800.0,9686.0,12.3,11201379.059411498,2228.696551724138,1800.0,6200.0,14.6,3072553.4775743163,58,15,18,0,0,14,0,87419,87419,87419,87419,21,11,4,3,9,85.5,8624,1.79,2.66,102,2879,3198
6655,97,260400,60,4340,0,960408,3,127,971009,21054.8,43,84,14784.772093023255,7402.0,48399.0,19.7,267876151.4671282,7317.738095238095,4500.0,51500.0,14.6,87333985.50759637,78,16,18,0,0,15,0,182027,182027,182027,182027,17,49,12,2,7,56.4,8746,3.33,3.74,90,4355,4433
6534,97,590820,60,9847,0,960516,3,111,971014,30859.3,46,65,6223.886956521739,6600.0,15914.0,46.0,30985741.189395085,3929.833846153846,3389.0,11400.0,14.6,10325320.986546746,71,12,16,0,0,12,0,387570,387570,387570,387570,0,0,0,1,1,100.0,9897,1.6,1.96,140,18721,18696
5681,97,68664,24,2861,0,960606,2,73,971017,36642.4,30,43,9671.15,290.8,48806.0,10.2,205042952.41383332,5895.162790697675,2600.0,26600.0,30.0,62651432.97349919,45,0,16,0,0,12,0,109164,109164,109164,109164,98,16,6,1,4,63.6,8757,3.38,3.95,96,2212,2471
6607,97,153144,36,4254,0,960409,3,171,971019,57715.7,57,114,18914.78947368421,16273.0,49910.0,138.3,297048438.16234535,8951.115789473684,4780.0,53000.0,14.6,137035626.14729455,118,18,18,0,0,17,0,67298,67298,67298,67298,71,19,10,0,7,43.8,8561,0.65,1.29,110,1029,1127
6242,97,26208,36,728,0,970615,3,12,971013,37647.8,10,2,4574.78,4557.0,11300.0,46.4,17754343.2676,4050.0,4050.0,6300.0,1800.0,5062500.0,9,0,3,0,0,0,0,45714,45714,45714,45714,52,10,5,1,6,55.6,8843,2.82,3.6,113,818,888
7242,97,48096,24,2004,0,960726,2,83,971021,32352.9,35,48,6308.597142857143,4900.0,18038.0,19.0,36773494.97056326,3926.0,2250.0,20320.0,30.0,22797555.583333332,49,10,14,0,0,10,0,105058,105058,105058,105058,32,19,7,2,10,81.0,9272,2.8,3.22,118,4340,4505
7277,97,89280,12,7440,0,970205,3,52,971014,70119.7,18,34,23729.62222222222,22771.5,66964.0,122.0,571881158.0839506,10735.688235294117,8550.0,50900.0,14.6,126872437.39809689,36,4,8,0,0,4,0,1204953,1204953,1204953,1204953,0,0,0,1,1,100.0,12541,0.29,0.43,167,85677,99107
6675,97,238716,36,6631,0,960616,2,106,971031,83039.1,34,72,20188.035294117646,2900.0,59676.0,71.4,454397801.0134602,8379.916666666666,5950.0,49300.0,30.0,91208879.04861112,67,11,16,0,0,12,0,78955,78955,78955,78955,50,24,8,1,9,59.0,9060,1.78,2.44,124,1655,1717
5398,97,53472,12,4456,0,960226,2,134,971031,64284.3,58,76,17392.110344827586,15721.5,48562.0,22.8,277834213.3412723,12427.078947368422,5350.0,63600.0,30.0,221394376.44113576,96,0,20,0,0,18,0,81344,81344,81344,81344,61,23,4,2,6,55.3,8899,3.39,3.97,149,2987,2487
5956,97,168264,36,4674,0,970414,3,25,971031,27560.6,13,12,14139.515384615384,700.0,42068.0,55.8,238761725.8443787,13021.1,13462.0,28100.0,14.6,94432730.98333333,15,2,6,0,0,2,0,182027,182027,182027,182027,17,49,12,2,7,56.4,8746,3.33,3.74,90,4355,4433
5731,97,460980,60,7683,0,970508,3,26,971104,19163.5,13,13,13487.907692307692,400.0,49137.0,34.7,330502901.78071004,12013.784615384615,9900.0,31200.0,14.6,116507890.31668639,17,1,6,0,0,2,0,75232,75232,75232,75232,55,26,4,1,5,41.7,8980,1.95,2.21,111,2824,2813
6956,97,59448,24,2477,0,960625,3,93,971107,33869.8,41,52,7081.492682926829,1900.0,22292.0,17.9,57128676.28799524,4932.138461538461,2700.0,24204.0,14.6,30963286.963905327,65,0,16,0,0,12,0,75637,75637,75637,75637,35,36,9,0,7,36.5,9622,0.45,0.59,154,3475,3529
6437,97,63972,36,1777,0,970717,1,11,971105,39052.7,9,2,5139.177777777778,3100.0,10660.0,30.2,25173339.650617283,3600.0,3600.0,4500.0,2700.0,810000.0,8,0,3,0,0,0,0,157042,157042,157042,157042,49,70,18,0,9,33.9,8743,1.88,2.43,111,3659,3894
5447,97,541200,60,9020,0,960404,3,174,971110,6360.9,57,117,5483.250877192982,183.1,20988.0,3.7,52154997.582850106,2616.960683760684,1400.0,13300.0,1.1,12930697.013838848,85,15,34,0,15,15,10,285387,285387,285387,285387,0,2,8,5,7,89.9,10177,6.63,7.75,81,9878,10108
5973,97,219456,48,4572,0,970808,3,11,971110,77123.8,8,3,14840.475,14922.5,29445.0,88.3,213298579.50187498,13866.666666666666,15100.0,20100.0,6400.0,32042222.222222224,8,0,3,0,0,0,0,112709,112709,112709,112709,48,20,7,3,10,73.5,8369,1.79,2.31,117,2854,2618
6075,97,129312,24,5388,0,960112,3,152,971121,102816.6,62,90,15947.209677419354,10742.5,49950.0,3.5,268623897.5463579,10191.224444444444,5800.0,47700.0,11.2,146975791.3047358,107,0,22,0,0,21,2,149893,149893,149893,149893,63,29,6,2,6,67.4,9753,4.64,5.05,109,5244,5892
5281,97,194256,24,8094,0,960108,3,134,971123,67742.6,56,78,15933.742857142857,9833.5,48954.0,81.6,286219674.0785204,10571.11282051282,8000.0,63100.0,14.6,153601061.0036818,95,0,21,0,0,18,0,42821,42821,42821,42821,4,13,5,1,3,48.4,8173,-1,7.01,124,-1,1358
5103,97,12540,12,1045,0,960315,3,152,971110,54562.2,45,107,7704.804444444444,5700.0,21987.0,48.5,58796561.37909136,2730.411214953271,1920.0,20160.0,14.6,10194827.23650974,88,15,19,0,15,15,0,67298,67298,67298,67298,71,19,10,0,7,43.8,8561,0.65,1.29,110,1029,1127
6468,97,203940,60,3399,0,961207,3,54,971112,51081.3,23,31,12547.778260869565,1100.0,37200.0,91.9,170205066.0721361,7661.858064516129,6110.0,27000.0,14.6,57359207.73985432,31,7,10,0,0,6,0,1204953,1204953,1204953,1204953,0,0,0,1,1,100.0,12541,0.29,0.43,167,85677,99107
7209,97,385560,60,6426,0,961002,3,59,971126,10414.7,35,24,6740.071428571428,95.8,43502.0,0.4,160740114.58089796,9395.316666666668,7550.0,27100.0,14.6,64156411.35638889,25,3,25,0,0,6,0,102609,102609,102609,102609,75,33,2,3,6,52.0,8187,4.83,5.45,94,2123,2134
5584,97,24792,24,1033,0,960409,3,135,971205,69188.8,40,95,12988.3475,11964.5,35143.5,68.4,174400691.11749375,4740.473684210527,1560.0,23800.0,14.6,43845293.60088643,85,16,19,0,0,15,0,86513,86513,86513,86513,38,36,5,1,5,50.5,8288,3.79,4.52,110,1562,1460
4988,97,265320,36,7370,0,960310,3,83,971130,19975.2,42,41,8769.207142857143,1350.0,48308.0,15.5,175104254.31637755,8495.812195121951,5800.0,53500.0,4.4,118999650.51033908,51,0,20,0,0,8,4,105606,105606,105606,105606,77,26,7,2,7,53.0,8254,2.79,3.76,97,2166,2325
6502,97,30276,12,2523,0,960728,3,164,971206,27846.6,51,113,19781.923529411764,18292.0,49734.0,119.2,287018431.9880738,8681.693805309735,2700.0,62900.0,14.6,182592509.70836872,107,14,15,0,14,14,0,228848,228848,228848,228848,15,40,18,2,6,57.2,9893,4.09,4.72,96,5623,5887
5651,97,19248,12,1604,0,961012,3,72,971206,43435.5,29,43,10271.306896551725,5600.0,28093.5,68.1,110290531.75098692,5917.032558139535,4800.0,23680.0,14.6,33874975.18126555,41,9,13,0,0,9,0,75232,75232,75232,75232,55,26,4,1,5,41.7,8980,1.95,2.21,111,2824,2813
4962,97,30276,12,2523,0,960728,3,164,971206,31621.9,51,113,19787.319607843136,18292.0,49734.0,134.8,286807874.06981164,8650.7203539823,2600.0,62900.0,14.6,183002717.22657686,107,14,15,0,14,14,0,228848,228848,228848,228848,15,40,18,2,6,57.2,9893,4.09,4.72,96,5623,5887
5862,97,100128,24,4172,0,960429,3,139,971206,55023.7,51,88,13777.274509803921,7733.0,48666.0,106.1,248952680.37915415,7359.286363636364,6067.5,63800.0,14.6,82507209.24890496,86,17,19,0,0,17,0,323870,323870,323870,323870,0,0,0,1,1,100.0,10673,4.75,5.44,100,18782,18347
7199,97,45768,12,3814,0,960918,3,146,971207,77322.2,47,99,18191.955319148936,15418.0,48560.0,94.2,301875616.5582164,7864.977777777778,3500.0,57600.0,14.6,104564586.57607183,94,12,14,0,13,13,0,138032,138032,138032,138032,67,30,4,2,5,64.6,8819,5.38,5.66,99,4063,4505
6727,97,42840,12,3570,0,970320,3,45,971205,57767.4,27,18,5960.214814814814,160.8,22908.0,33.1,64910405.8449657,5731.022222222222,4150.0,17300.0,14.6,25675809.435061727,25,0,16,0,0,4,0,285387,285387,285387,285387,0,2,8,5,7,89.9,10177,6.63,7.75,81,9878,10108
7279,97,155760,24,6490,0,970112,3,83,971208,55447.1,37,46,15929.297297297297,14672.0,47085.0,69.2,180513349.5591819,11607.321739130435,10050.0,47600.0,14.6,105696120.59387524,58,7,10,0,0,8,0,133777,133777,133777,133777,24,17,7,3,11,84.7,8705,5.75,7.61,116,4650,4859
6544,97,130464,48,2718,0,960216,3,191,971210,32928.2,52,139,15345.596153846154,10208.5,48126.0,85.5,255023948.9980621,5503.903597122302,2165.0,44000.0,14.6,78661286.97459137,123,16,19,0,17,16,0,93931,93931,93931,93931,74,21,10,1,8,56.9,8427,1.12,1.54,107,1874,1913
5933,97,87528,24,3647,0,961212,1,57,971208,74816.0,25,32,11606.524,3100.0,32823.0,72.8,143427726.365024,6729.59375,4700.0,22500.0,100.0,39729331.55371094,39,0,11,0,0,7,0,148545,148545,148545,148545,8,35,12,3,4,53.5,8909,4.01,5.56,113,3460,3590
6574,97,77544,36,2154,0,961129,3,64,971206,20750.2,26,38,13709.73076923077,5050.0,48633.0,21.8,260901099.9952071,8834.284210526315,6331.0,32000.0,14.6,85835485.6265928,37,8,11,0,0,8,0,88884,88884,88884,88884,80,26,6,2,5,46.7,8507,1.67,1.85,132,2159,2674
6399,97,49320,36,1370,0,961022,3,81,971216,26686.8,29,52,5840.286206896551,5900.0,15567.0,23.9,33049319.41843044,2743.873076923077,1400.0,11700.0,14.6,7542653.776967456,49,10,13,0,0,9,0,110643,110643,110643,110643,49,41,4,1,4,51.9,8441,3.45,4.48,115,1879,2252
7187,97,24180,60,403,0,960708,3,134,971213,89121.5,35,99,11907.194285714286,2900.0,33066.0,87.5,146631491.27196735,3309.3959595959595,413.0,23000.0,14.6,37124448.53331701,80,13,16,0,13,12,0,159617,159617,159617,159617,29,19,8,1,9,85.2,9198,3.33,4.28,131,5796,6132
6353,97,116496,24,4854,0,960210,3,120,971217,24270.5,44,76,15983.01590909091,14861.5,43684.0,71.8,265018129.52770147,8933.976315789474,5150.5,34200.0,14.6,82114699.71154432,82,0,21,0,0,17,0,117897,117897,117897,117897,139,28,5,1,6,53.8,8814,4.76,5.74,107,2112,2059
5043,97,468060,60,7801,0,960911,2,112,971223,95234.6,32,80,25738.859375,23603.5,70210.0,124.6,689740751.6267871,9105.1125,5478.0,40100.0,30.0,108885112.29984376,75,11,15,0,0,11,0,112709,112709,112709,112709,48,20,7,3,10,73.5,8369,1.79,2.31,117,2854,2618
5469,97,293160,60,4886,0,960707,3,97,971206,14840.8,42,55,14180.866666666667,5056.0,47819.0,85.2,285131848.2607936,10559.18909090909,4900.0,64500.0,14.6,185813987.3649719,67,0,16,0,0,14,0,139012,139012,139012,139012,59,41,8,3,10,61.9,8363,2.52,3.49,108,2564,2799
5976,97,465504,48,9698,0,961218,3,86,971214,17274.4,29,57,7870.7793103448275,2500.0,24735.0,40.5,75042370.39750297,3701.3719298245614,1922.0,16200.0,14.6,15872883.523422591,52,8,11,0,8,7,0,226122,226122,226122,226122,32,50,7,4,4,62.6,8994,3.8,4.79,110,9672,9208
6059,97,79824,12,6652,0,970629,2,31,971226,38069.7,14,17,17362.485714285714,9831.5,43125.0,13.5,326784690.45836735,12059.117647058823,7905.0,55100.0,30.0,206602962.45674738,20,3,5,0,0,3,0,53921,53921,53921,53921,61,22,1,1,2,41.3,8598,2.77,3.26,123,1597,1875
5799,97,106128,36,2948,0,970125,2,52,971221,51095.2,24,28,10238.2625,7900.0,28472.0,16.2,106079134.64401042,6950.821428571428,2850.0,50700.0,30.0,98231002.78954083,36,0,10,0,0,6,0,159617,159617,159617,159617,29,19,8,1,9,85.2,9198,3.33,4.28,131,5796,6132
6147,97,177504,48,3698,0,960710,1,86,971202,19981.3,38,48,11196.01052631579,1000.0,49867.0,64.9,301795760.8840997,8447.229166666666,3000.0,61800.0,100.0,188201225.42664933,53,0,17,0,0,16,0,51428,51428,51428,51428,50,11,3,1,4,52.7,8402,3.13,3.98,120,999,1099
6254,97,247920,48,5165,0,961111,3,83,971222,20059.8,36,47,13086.33888888889,10630.5,42494.0,82.9,167587885.11348766,9596.774468085106,7800.0,63800.0,14.6,124790426.90317792,52,10,12,0,0,9,0,125236,125236,125236,125236,28,11,1,4,5,87.7,9675,6.43,7.68,100,5323,5190
7100,97,348120,60,5802,0,961201,3,65,971226,53621.6,26,39,19547.323076923076,17707.0,52221.0,126.2,398760536.7117751,11656.635897435897,7100.0,60500.0,14.6,155004163.94640368,45,0,12,0,0,8,0,42821,42821,42821,42821,4,13,5,1,3,48.4,8173,-1,7.01,124,-1,1358
7147,98,267600,48,5575,0,960224,2,112,980101,11562.7,57,55,12915.805263157894,9669.0,42297.0,24.8,191792172.9517267,13175.236363636364,6400.0,61500.0,30.0,248255165.19867766,80,0,21,0,0,11,0,285387,285387,285387,285387,0,2,8,5,7,89.9,10177,6.63,7.75,81,9878,10108
5909,98,61320,60,1022,0,970206,3,74,980102,21118.6,24,50,4427.029166666666,850.0,12945.0,30.5,22360656.142065972,1702.604,1113.0,8100.0,14.6,3134148.6215839996,42,7,11,0,7,7,0,124605,124605,124605,124605,11,42,14,1,8,46.0,8772,4.69,4.98,126,2854,3158
7037,98,218064,48,4543,0,970507,3,39,980102,42694.0,15,24,14668.593333333334,400.0,40884.0,120.8,255364808.2926222,7388.95,6793.5,20500.0,14.6,30116762.167499997,26,3,7,0,0,3,0,1204953,1204953,1204953,1204953,0,0,0,1,1,100.0,12541,0.29,0.43,167,85677,99107
5782,98,63576,12,5298,0,970616,3,32,980103,43635.1,20,12,10523.22,280.15,47679.0,71.2,255588489.33359998,13902.433333333332,5700.0,56900.0,14.6,246657382.93888888,18,0,12,0,0,2,0,1204953,1204953,1204953,1204953,0,0,0,1,1,100.0,12541,0.29,0.43,167,85677,99107
6237,98,407952,48,8499,0,960915,3,78,971231,10763.9,41,37,3416.6951219512193,4100.0,9500.0,34.1,9226529.192659132,3495.1513513513514,3400.0,9900.0,14.6,9573839.862498175,42,10,15,0,0,11,0,51428,51428,51428,51428,50,11,3,1,4,52.7,8402,3.13,3.98,120,999,1099
6552,98,170448,48,3551,0,960922,3,85,980102,41656.1,32,53,11663.95625,2700.0,33225.0,37.0,152075104.02121094,6256.42641509434,3960.0,22900.0,14.6,34617565.39477394,49,10,15,0,0,11,0,228848,228848,228848,228848,15,40,18,2,6,57.2,9893,4.09,4.72,96,5623,5887
7067,98,136368,24,5682,0,970426,3,59,980110,51899.0,25,34,18817.264,20936.0,48627.0,205.7,265313194.620704,12309.782352941176,9535.0,46800.0,14.6,140711754.12792388,38,7,8,0,0,6,0,58400,58400,58400,58400,65,16,4,1,6,52.4,8620,1.1,1.25,100,1089,1117
5320,98,143676,36,3991,0,961021,2,72,980110,16473.5,27,45,8195.514814814815,290.5,48125.0,52.9,149102058.41533607,4551.222222222223,1236.0,30600.0,30.0,39413342.92839506,37,7,14,0,7,7,0,157042,157042,157042,157042,49,70,18,0,9,33.9,8743,1.88,2.43,111,3659,3894
5930,98,66696,24,2779,0,970924,3,16,980107,67420.5,10,6,12059.51,11949.0,32030.0,24.1,120165233.9089,8862.433333333332,8500.0,20300.0,14.6,43046910.938888885,11,1,3,0,0,1,0,1204953,1204953,1204953,1204953,0,0,0,1,1,100.0,12541,0.29,0.43,167,85677,99107
6486,98,152160,60,2536,0,960423,3,121,980113,19986.6,45,76,7997.248888888889,3000.0,22821.0,22.6,70245591.75805432,4472.231578947369,2900.0,13600.0,14.6,14976378.13268698,69,16,20,0,0,16,0,74062,74062,74062,74062,99,15,4,2,7,61.4,8114,2.38,2.62,119,1003,1181
5245,98,125472,24,5228,0,970411,1,77,980114,50852.2,32,45,18798.165625,14150.0,48743.0,44.6,299460598.1647559,12430.866666666667,6900.0,64700.0,100.0,225407933.4933333,52,8,9,0,0,8,0,51428,51428,51428,51428,50,11,3,1,4,52.7,8402,3.13,3.98,120,999,1099
6643,98,35856,24,1494,0,960817,3,95,980114,77333.8,35,60,11881.968571428572,4400.0,33024.0,56.3,146767147.7421551,5642.253333333333,4560.0,24700.0,14.6,39107604.95448888,55,12,16,0,0,12,0,162580,162580,162580,162580,83,26,5,1,6,72.8,9538,1.51,1.81,111,6079,5410
5260,98,123300,36,3425,0,960703,2,90,980117,49599.2,40,50,15551.73,10437.5,46499.0,89.5,248584068.9896,11449.4,4400.0,58800.0,30.0,229302790.59999996,66,0,14,0,0,10,0,118650,118650,118650,118650,8,8,5,1,3,85.6,9832,3.32,4.48,114,6445,5471
5569,98,504000,60,8400,0,960327,3,124,980118,25977.1,61,63,4445.108196721311,6371.0,11500.0,10.6,13363120.80763773,3891.6539682539683,4247.0,10400.0,14.6,9350613.291690603,68,18,21,0,0,17,0,75232,75232,75232,75232,55,26,4,1,5,41.7,8980,1.95,2.21,111,2824,2813
7110,98,31260,12,2605,0,960407,3,131,980116,13932.4,51,80,5121.85294117647,800.0,15171.0,32.4,29694048.84131488,3091.0275,2650.0,9800.0,14.6,6533834.14074375,76,17,21,0,0,17,0,159617,159617,159617,159617,29,19,8,1,9,85.2,9198,3.33,4.28,131,5796,6132
7139,98,23412,12,1951,0,960529,3,129,980119,52566.3,40,89,13270.7375,12355.0,35865.0,12.3,181231421.00934374,5373.741573033708,2500.0,37120.0,14.6,48360147.499507636,79,16,19,0,0,15,0,226122,226122,226122,226122,32,50,7,4,4,62.6,8994,3.8,4.79,110,9672,9208
6791,98,566640,60,9444,0,970321,3,77,980120,29900.3,32,45,6608.759375,157.75,26384.0,34.0,79907116.0867871,4035.1111111111113,2693.0,19200.0,14.6,19584259.049876545,42,6,18,0,6,5,0,1204953,1204953,1204953,1204953,0,0,0,1,1,100.0,12541,0.29,0.43,167,85677,99107
5360,98,176328,36,4898,0,960510,3,171,980115,36423.3,41,130,15968.643902439024,4300.0,44084.0,83.3,272132715.799536,4756.084615384615,1950.0,26500.0,14.6,36923521.74207101,105,16,19,0,16,15,0,107911,107911,107911,107911,88,33,6,2,7,50.9,8240,2.53,3.56,99,1850,1903
5287,98,64224,24,2676,0,961112,2,47,980110,23652.7,25,22,8078.744,323.6,43958.0,48.9,193984896.241664,8105.272727272727,5200.0,33600.0,30.0,71376172.38016528,25,4,14,0,0,4,0,77963,77963,77963,77963,60,23,4,2,4,51.5,8546,2.95,4.02,126,2640,3120
6553,98,42384,12,3532,0,961008,3,132,980124,23454.4,44,88,12888.097727272727,7530.0,49762.0,53.9,209133711.5620403,6177.520454545454,3077.0,60300.0,14.6,98542299.86412707,91,13,15,0,0,13,0,128118,128118,128118,128118,9,16,6,3,8,85.3,9317,6.49,7.07,97,6949,6872
7072,98,22104,12,1842,0,970113,3,73,980110,39312.2,25,48,7411.3,7200.0,20262.0,54.2,53008450.792,3041.045833333333,1900.0,10400.0,14.6,6218776.492065972,47,8,11,0,0,7,0,125236,125236,125236,125236,28,11,1,4,5,87.7,9675,6.43,7.68,100,5323,5190
6044,98,57060,12,4755,0,961208,2,86,980120,76442.4,30,56,14761.283333333333,9877.0,48032.0,76.2,252079693.53405556,6542.785714285715,3913.0,40600.0,30.0,78408721.31122449,52,7,13,0,7,7,0,228848,228848,228848,228848,15,40,18,2,6,57.2,9893,4.09,4.72,96,5623,5887
5332,98,37944,36,1054,0,960614,3,107,980123,72915.1,38,69,13434.728947368421,12582.0,36996.0,59.4,183733402.18784627,6342.092753623188,1500.0,31400.0,14.6,82502540.43545473,75,0,18,0,0,14,0,1204953,1204953,1204953,1204953,0,0,0,1,1,100.0,12541,0.29,0.43,167,85677,99107
6866,98,122472,24,5103,0,961028,3,112,980131,27731.4,47,65,15254.487234042554,204.8,64503.0,14.0,505097644.4594115,10601.44,7200.0,68400.0,14.6,129869369.4304,60,11,30,0,0,11,0,42821,42821,42821,42821,4,13,5,1,3,48.4,8173,-1,7.01,124,-1,1358
6633,98,160656,24,6694,0,960425,3,146,980204,95643.0,57,89,16405.022807017544,11951.0,47980.0,91.6,299523845.6014097,9431.948314606741,5900.0,56400.0,14.6,132086983.39553085,106,0,21,0,0,19,0,92084,92084,92084,92084,55,29,4,3,5,46.7,10124,0.56,0.54,141,3810,4316
6926,98,374760,60,6246,0,961103,3,112,980131,45938.9,32,80,19529.68125,1350.0,56212.0,96.2,441619190.00464845,7237.82,5200.0,51900.0,14.6,82934716.9946,65,11,15,0,10,11,0,182027,182027,182027,182027,17,49,12,2,7,56.4,8746,3.33,3.74,90,4355,4433
6442,98,194160,48,4045,0,960906,3,133,980207,29713.9,41,92,5805.565853658537,1900.0,17642.0,64.9,38282494.18224867,2264.284782608696,1204.0,11000.0,14.6,7010223.020203213,80,12,16,0,13,12,0,161954,161954,161954,161954,21,37,20,3,8,48.0,8720,3.73,4.5,116,3729,3651
5889,98,321240,60,5354,0,960903,3,136,980131,37092.9,55,81,16692.116363636364,16011.0,49368.0,88.3,244119994.8795504,10876.395061728395,6100.0,39400.0,14.6,125681307.0834324,104,0,17,0,0,15,0,177686,177686,177686,177686,69,27,10,1,9,74.8,10045,1.42,1.71,135,6604,6295
5765,98,153936,24,6414,0,971018,3,11,980208,100675.4,8,3,21846.925,19791.0,57723.0,62.4,494693395.991875,24700.0,29900.0,36700.0,7500.0,155626666.66666666,8,0,3,0,0,0,0,105606,105606,105606,105606,77,26,7,2,7,53.0,8254,2.79,3.76,97,2166,2325
5124,98,156096,36,4336,0,970809,2,33,980208,28471.9,14,19,12246.707142857143,508.05,39022.0,71.8,200557145.61066326,7525.368421052632,7395.0,20400.0,30.0,33468539.28531856,23,2,6,0,0,2,0,103347,103347,103347,103347,87,16,7,1,7,67.0,9104,1.51,2.07,123,2299,2354
5491,98,428784,48,8933,0,961204,3,110,980212,8707.1,39,71,5483.184615384615,5700.0,14146.0,27.8,22515706.162840236,2889.2535211267605,1080.0,12500.0,14.6,10907750.718825629,64,11,14,0,11,10,0,1204953,1204953,1204953,1204953,0,0,0,1,1,100.0,12541,0.29,0.43,167,85677,99107
6730,98,93036,12,7753,0,961125,3,104,980211,57467.8,45,59,17272.886666666665,253.1,69780.0,36.7,603816349.3122667,12200.203389830509,9238.0,45200.0,14.6,122986215.20609021,66,0,28,0,0,10,0,387570,387570,387570,387570,0,0,0,1,1,100.0,9897,1.6,1.96,140,18721,18696
7151,98,133800,24,5575,0,970109,3,93,980216,36126.5,33,60,13972.60606060606,2200.0,47382.0,73.2,278879306.5745087,7082.823333333334,4850.0,32600.0,14.6,63095234.56945556,62,9,13,0,0,9,0,107870,107870,107870,107870,84,29,6,1,6,58.0,8754,3.83,4.31,137,3804,3868
5140,98,178500,60,2975,0,970426,3,64,980220,19397.6,25,39,3860.544,3300.0,10416.0,11.6,12761806.885664,1977.3333333333333,1540.0,7100.0,14.6,2964557.370940171,39,6,9,0,5,5,0,182027,182027,182027,182027,17,49,12,2,7,56.4,8746,3.33,3.74,90,4355,4433
7171,98,196224,48,4088,0,970909,3,23,980219,80679.6,12,11,25562.525,23673.4,70352.0,131.1,675605577.8535416,20551.872727272726,15500.0,45400.0,14.6,229812977.32561985,16,1,5,0,0,1,0,127369,127369,127369,127369,31,32,13,2,7,51.2,8369,4.73,5.88,107,3736,2807
6568,98,220440,60,3674,0,960525,2,75,980214,31401.9,34,41,8603.261764705883,269.5,45951.0,38.7,176367466.5388322,6368.512195121952,4100.0,35800.0,30.0,46405619.859607376,45,6,18,0,0,6,0,102609,102609,102609,102609,75,33,2,3,6,52.0,8187,4.83,5.45,94,2123,2134
6861,98,215040,60,3584,0,970121,3,82,980215,38003.2,38,44,8020.378947368421,161.45,32253.0,26.2,124293962.95745152,6062.972727272727,4500.0,26100.0,14.6,32898972.873801652,50,0,24,0,0,8,0,72541,72541,72541,72541,66,26,10,0,8,36.9,8594,1.62,2.01,112,1580,1525
6855,98,52236,36,1451,0,961212,3,101,980228,37291.3,51,50,3147.4392156862746,147.4,12600.0,33.8,15432114.871403309,2461.72,1750.0,5280.0,14.6,3622410.0736,53,10,28,0,0,10,0,81344,81344,81344,81344,61,23,4,2,6,55.3,8899,3.39,3.97,149,2987,2487
7129,98,194280,60,3238,0,961230,3,113,980228,30653.4,29,84,12831.551724137931,300.0,36932.0,10.0,180277223.3935315,4065.190476190476,1440.0,23900.0,14.6,36843249.26848072,70,10,14,0,9,10,0,1204953,1204953,1204953,1204953,0,0,0,1,1,100.0,12541,0.29,0.43,167,85677,99107
5384,98,23328,12,1944,0,970901,3,27,980306,27807.9,14,13,8673.8,1150.0,27285.0,61.3,96314425.55142857,7201.9384615384615,7300.0,15900.0,14.6,29869903.497751478,17,2,6,0,0,2,0,95907,95907,95907,95907,87,25,5,2,7,59.1,8388,2.41,2.94,87,1658,1668
6859,98,272220,60,4537,0,970402,3,80,980306,37464.6,38,42,8068.244736842105,281.85,48428.0,3.2,177370265.4393144,6407.823809523809,3600.0,39800.0,14.6,92872364.88229024,44,5,20,0,5,6,0,124605,124605,124605,124605,11,42,14,1,8,46.0,8772,4.69,4.98,126,2854,3158
5772,98,334620,60,5577,0,970708,3,35,980305,49944.1,17,18,16927.852941176472,1100.0,50196.0,83.6,322883405.63425606,13212.744444444445,7550.0,35300.0,14.6,155565683.4480247,23,0,8,0,0,4,0,139012,139012,139012,139012,59,41,8,3,10,61.9,8363,2.52,3.49,108,2564,2799
5665,98,40632,12,3386,0,961222,2,118,980310,48931.1,31,87,10664.13870967742,2100.0,30470.0,34.8,119402903.50043705,3237.4367816091954,2004.0,20865.0,30.0,20613267.349451713,74,10,14,0,10,10,0,107870,107870,107870,107870,84,29,6,1,6,58.0,8754,3.83,4.31,137,3804,3868
6495,98,49044,12,4087,0,970928,3,22,980311,25180.7,11,11,17601.454545454544,400.0,44748.0,17.3,393338637.60975206,15312.290909090909,7800.0,42600.0,14.6,216804260.2353719,13,2,5,0,0,2,0,75637,75637,75637,75637,35,36,9,0,7,36.5,9622,0.45,0.59,154,3475,3529
5061,98,84288,48,1756,0,961222,3,85,980310,41126.2,33,52,8252.190909090908,2400.0,24694.5,31.3,76354203.25294766,4476.846153846154,2600.0,18700.0,14.6,20988071.23786982,51,10,14,0,0,10,0,45714,45714,45714,45714,52,10,5,1,6,55.6,8843,2.82,3.6,113,818,888
6948,98,157068,36,4363,0,970713,3,21,980310,38635.4,14,7,9116.8,369.2,44217.0,45.2,220495308.0742857,12714.285714285714,8700.0,35200.0,800.0,124172653.06122449,13,0,8,0,0,0,0,1204953,1204953,1204953,1204953,0,0,0,1,1,100.0,12541,0.29,0.43,167,85677,99107
5773,98,133848,24,5577,0,960418,3,112,980309,9985.9,44,68,12267.029545454545,533.6,49440.0,12.3,252554366.42753616,7790.632352941177,5100.0,49800.0,14.6,109681099.07365918,70,0,22,0,0,20,0,114006,114006,114006,114006,71,26,6,2,9,62.3,9065,4.46,5.39,123,4147,4166
6052,98,22356,36,621,0,970513,3,54,980322,17213.5,24,30,3688.670833333333,4496.0,9588.0,17.1,12266888.914565971,2377.153333333333,2350.0,5800.0,14.6,4223612.895155556,31,7,10,0,0,6,0,95616,95616,95616,95616,65,30,4,1,6,51.4,9307,3.85,4.43,118,2616,3040
6682,98,36204,12,3017,0,961207,3,115,980319,2830.7,63,52,5170.414285714286,165.2,27154.0,24.5,76083224.82281178,6209.713461538461,3650.0,23289.0,2.6,40328286.6627034,56,0,45,0,0,11,3,102609,102609,102609,102609,75,33,2,3,6,52.0,8187,4.83,5.45,94,2123,2134
6083,98,240528,48,5011,0,960916,3,91,980320,10421.7,37,54,16054.875675675676,4400.0,45100.0,57.6,274202906.85805696,10807.570370370371,4900.0,34900.0,14.6,121844936.35764061,61,0,17,0,0,13,0,162580,162580,162580,162580,83,26,5,1,6,72.8,9538,1.51,1.81,111,6079,5410
6962,98,279072,48,5814,0,960730,2,86,980331,21528.3,40,46,13517.605,8907.0,44680.0,15.8,215026624.096975,11287.08695652174,6400.0,45700.0,30.0,153966010.77504724,65,0,13,0,0,8,0,1204953,1204953,1204953,1204953,0,0,0,1,1,100.0,12541,0.29,0.43,167,85677,99107
5158,98,188532,36,5237,0,960702,3,148,980401,22144.8,61,87,18973.77868852459,12900.0,49834.0,135.5,341695011.4747917,13048.914942528736,5900.0,62100.0,14.6,226359154.73713306,113,0,19,0,0,16,0,285387,285387,285387,285387,0,2,8,5,7,89.9,10177,6.63,7.75,81,9878,10108
6464,98,49488,24,2062,0,970911,3,32,980413,59456.1,18,14,10318.111111111111,4200.0,30969.0,52.4,115061918.13209878,9019.271428571428,3600.0,25200.0,14.6,85230946.43204081,22,0,7,0,0,3,0,161227,161227,161227,161227,5,35,11,4,10,69.7,8678,5.93,5.57,102,4980,4595
5172,98,50976,36,1416,0,961206,3,123,980414,21313.1,38,85,6173.323684210526,4350.0,17388.0,50.2,38666539.94286011,2509.096470588235,1930.0,19200.0,14.6,7691518.382693426,70,12,16,0,13,12,0,77917,77917,77917,77917,85,19,6,1,5,53.5,8390,2.28,2.89,132,2080,2122
5582,98,41256,12,3438,0,960604,3,215,980413,80066.5,48,167,25653.175,2600.0,73128.0,217.0,728816908.1777083,6894.908982035928,3000.0,63700.0,14.6,95565047.85327262,137,19,22,0,19,18,0,51428,51428,51428,51428,50,11,3,1,4,52.7,8402,3.13,3.98,120,999,1099
6136,98,140880,60,2348,0,970811,3,43,980412,13759.2,18,25,13300.711111111112,4400.0,49763.0,89.7,286437741.24098766,9026.136,6900.0,38900.0,14.6,86589171.21510401,27,4,8,0,0,4,0,58796,58796,58796,58796,22,16,7,1,5,51.9,9045,3.13,3.6,124,1845,1879
6235,98,321360,60,5356,0,960828,3,140,980413,51923.7,43,97,19070.688372093024,2300.0,56068.0,18.0,409832347.7433532,7918.721649484536,6600.0,44800.0,14.6,55099479.44210862,90,16,19,0,0,15,0,122603,122603,122603,122603,25,21,6,2,8,80.0,8991,1.39,2.01,128,5198,5273
6508,98,110736,48,2307,0,970808,2,55,980410,34826.1,23,32,6451.404347826087,2000.0,20762.0,48.2,46737540.43258979,3555.84375,2600.0,16800.0,30.0,18061174.006835938,35,4,8,0,4,4,0,51428,51428,51428,51428,50,11,3,1,4,52.7,8402,3.13,3.98,120,999,1099
4968,98,110736,48,2307,0,970808,2,55,980410,37416.7,23,32,6452.334782608696,2000.0,20762.0,48.2,46725731.25444234,3468.34375,1750.0,16800.0,30.0,18301415.413085938,35,4,8,0,4,4,0,51428,51428,51428,51428,50,11,3,1,4,52.7,8402,3.13,3.98,120,999,1099
6632,98,144960,48,3020,0,960830,3,146,980422,29245.0,58,88,17316.26551724138,16246.0,49815.0,150.9,259207162.79536265,11080.661363636364,7158.0,58100.0,14.6,173121464.4912345,93,17,19,0,0,17,0,81344,81344,81344,81344,61,23,4,2,6,55.3,8899,3.39,3.97,149,2987,2487
7195,98,339168,48,7066,0,970705,3,51,980413,28677.8,28,23,3782.8107142857143,5593.0,9200.0,23.0,10106353.447385203,3358.304347826087,3728.0,7500.0,14.6,5790147.116068053,31,6,9,0,0,5,0,112709,112709,112709,112709,48,20,7,3,10,73.5,8369,1.79,2.31,117,2854,2618
5525,98,93888,36,2608,0,970616,2,91,980419,75158.7,37,54,18749.28918918919,13135.0,49960.0,2.5,305788563.0220453,11454.907407407407,4719.0,59500.0,30.0,206959129.12105623,64,9,10,0,0,8,0,88884,88884,88884,88884,80,26,6,2,5,46.7,8507,1.67,1.85,132,2159,2674
6320,98,104964,12,8747,0,960723,3,124,980421,32793.3,46,78,9410.197826086956,3350.0,27722.0,28.1,96290413.48847353,5129.174358974359,5650.0,12600.0,14.6,15867155.299855357,71,17,20,0,0,16,0,77963,77963,77963,77963,60,23,4,2,4,51.5,8546,2.95,4.02,126,2640,3120
6766,98,74352,24,3098,0,961016,3,126,980411,52767.8,53,73,13663.11320754717,186.9,55186.0,63.7,368835569.0279388,9196.942465753425,6300.0,37800.0,14.6,111783782.13203228,66,13,34,0,0,13,0,1204953,1204953,1204953,1204953,0,0,0,1,1,100.0,12541,0.29,0.43,167,85677,99107
6872,98,191580,60,3193,0,971104,3,30,980418,17266.7,20,10,2198.865,504.35,7500.0,15.5,6361593.743275,2671.06,1942.0,6500.0,14.6,3488970.1924,17,2,10,0,0,1,0,121947,121947,121947,121947,37,28,7,3,11,70.5,8541,2.51,2.97,131,3496,3839
5906,98,81144,36,2254,0,970803,3,51,980430,65800.3,26,25,19066.253846153846,14253.0,48449.0,131.5,307015835.87786984,17196.896,10479.0,62500.0,14.6,348620870.550784,37,3,7,0,0,4,0,228848,228848,228848,228848,15,40,18,2,6,57.2,9893,4.09,4.72,96,5623,5887
7172,98,45720,12,3810,0,970318,3,86,980430,29108.8,27,59,15730.603703703704,700.0,45213.0,49.5,274148837.98406035,6705.379661016949,2700.0,34200.0,14.6,69283721.06670497,55,9,13,0,0,9,0,1204953,1204953,1204953,1204953,0,0,0,1,1,100.0,12541,0.29,0.43,167,85677,99107
6571,98,140064,24,5836,0,960708,2,142,980430,73874.0,46,96,22058.871739130434,1416.5,64186.0,104.0,538574092.5459404,9800.354166666666,6750.0,38200.0,30.0,89691947.56206597,102,0,22,0,0,18,0,51428,51428,51428,51428,50,11,3,1,4,52.7,8402,3.13,3.98,120,999,1099
5616,98,130896,24,5454,0,961018,3,113,980511,43648.0,53,60,4328.835849056603,5500.0,12000.0,29.2,12946555.403054468,3096.34,3700.0,7300.0,14.6,5081559.4084,67,14,18,0,0,14,0,85852,85852,85852,85852,41,23,4,2,4,59.8,8965,7.08,8.23,104,2653,2822
6312,98,10944,36,304,0,960727,3,165,980514,29034.9,57,108,2522.514035087719,2900.0,9100.0,10.9,5359470.89804863,1062.4833333333333,570.5,10400.0,14.6,2063368.6082407406,91,18,21,0,18,17,0,125236,125236,125236,125236,28,11,1,4,5,87.7,9675,6.43,7.68,100,5323,5190
6470,98,49872,12,4156,0,960702,1,215,980514,76514.2,58,157,11836.486206896552,5350.0,47226.0,76.6,229886769.3039477,3885.3630573248406,514.0,58900.0,16.0,53559684.52424034,130,21,22,0,21,21,0,148545,148545,148545,148545,8,35,12,3,4,53.5,8909,4.01,5.56,113,3460,3590
5147,98,22260,60,371,0,971213,3,15,980513,31277.6,13,2,3082.892307692308,1600.0,12600.0,46.5,12270044.263786983,4400.0,4400.0,4500.0,4300.0,10000.0,11,0,4,0,0,0,0,285387,285387,285387,285387,0,2,8,5,7,89.9,10177,6.63,7.75,81,9878,10108
5501,98,136344,24,5681,0,960821,3,130,980513,39847.5,57,73,6037.545614035088,6200.0,15902.0,25.5,27395479.32072638,4168.391780821918,5200.0,10400.0,14.6,8761180.147329705,77,17,20,0,0,16,0,1204953,1204953,1204953,1204953,0,0,0,1,1,100.0,12541,0.29,0.43,167,85677,99107
6436,98,495180,60,8253,0,971012,3,31,980516,34235.5,14,17,26640.335714285713,25059.5,74278.0,98.1,735331310.9465816,19925.24705882353,14800.0,58700.0,14.6,293035731.1930796,23,0,6,0,0,2,0,42821,42821,42821,42821,4,13,5,1,3,48.4,8173,-1,7.01,124,-1,1358
5699,98,174960,24,7290,0,960719,3,143,980523,71242.6,58,85,15339.103448275862,9583.0,49720.0,57.3,262275139.7824019,9628.53411764706,6409.0,52200.0,14.6,143661254.4398948,103,0,21,0,0,19,0,102609,102609,102609,102609,75,33,2,3,6,52.0,8187,4.83,5.45,94,2123,2134
5313,98,43200,24,1800,0,970727,3,54,980523,37619.2,21,33,7135.347619047619,4700.0,20504.0,15.1,50250062.809161,3400.6969696969695,2100.0,17000.0,14.6,12368640.90211203,35,5,9,0,0,5,0,159617,159617,159617,159617,29,19,8,1,9,85.2,9198,3.33,4.28,131,5796,6132
6234,98,5148,12,429,0,970308,3,80,980507,49297.2,28,52,11599.914285714285,11208.5,32125.5,72.1,135794936.5797959,5298.084615384615,2880.0,20900.0,14.6,33965347.24360947,49,9,13,0,0,9,0,1204953,1204953,1204953,1204953,0,0,0,1,1,100.0,12541,0.29,0.43,167,85677,99107
6569,98,45456,12,3788,0,970703,3,56,980517,57100.5,23,33,12046.313043478262,12900.0,34095.0,70.2,137354171.70461246,6665.59393939394,3937.0,29400.0,14.6,56938125.555114776,40,0,10,0,0,6,0,53921,53921,53921,53921,61,22,1,1,2,41.3,8598,2.77,3.26,123,1597,1875
7202,98,140688,48,2931,0,970408,3,85,980503,24699.7,36,49,13646.147222222222,7265.0,48538.0,100.5,231256630.29138118,9521.66530612245,4200.0,40700.0,14.6,128953774.03818409,62,0,12,0,0,11,0,93931,93931,93931,93931,74,21,10,1,8,56.9,8427,1.12,1.54,107,1874,1913
5683,98,140688,48,2931,0,970408,3,85,980503,26863.5,36,49,13647.922222222222,7265.0,48538.0,106.4,231208843.5178395,9478.808163265307,4200.0,40700.0,14.6,129528284.12564765,62,0,12,0,0,11,0,93931,93931,93931,93931,74,21,10,1,8,56.9,8427,1.12,1.54,107,1874,1913
5034,98,112752,36,3132,0,960725,3,129,980520,48916.6,47,82,8185.510638297872,4100.0,23108.0,21.9,66649363.28009959,4095.1487804878047,3650.0,35360.0,14.6,23471924.58420583,73,18,21,0,0,17,0,161227,161227,161227,161227,5,35,11,4,10,69.7,8678,5.93,5.57,102,4980,4595
5435,98,314688,48,6556,0,961030,2,107,980531,43170.7,40,67,20398.0925,2650.0,59007.0,8.3,464632968.1276938,11534.074626865671,7500.0,39700.0,30.0,122559746.30786365,73,0,19,0,0,15,0,88884,88884,88884,88884,80,26,6,2,5,46.7,8507,1.67,1.85,132,2159,2674
5815,98,151200,36,4200,0,971005,3,40,980602,59126.9,22,18,17435.75909090909,17232.5,48480.0,126.8,301011616.82605374,18025.544444444444,14448.0,42800.0,14.6,230335550.1191358,27,2,8,0,0,3,0,77963,77963,77963,77963,60,23,4,2,4,51.5,8546,2.95,4.02,126,2640,3120
5589,98,390000,48,8125,0,970111,1,44,980531,23299.6,23,21,10832.02608695652,4900.0,47025.0,100.6,166901422.6558412,10758.904761904761,7696.0,48500.0,100.0,142903697.6099773,33,3,5,0,0,3,0,95907,95907,95907,95907,87,25,5,2,7,59.1,8388,2.41,2.94,87,1658,1668
6746,98,185640,60,3094,0,970822,3,55,980531,21581.8,30,25,6022.61,125.4,27850.0,25.8,81630368.51623333,6364.44,4062.0,19300.0,14.6,34598139.7984,32,0,18,0,0,5,0,112709,112709,112709,112709,48,20,7,3,10,73.5,8369,1.79,2.31,117,2854,2618
6790,98,76104,24,3171,0,970703,3,81,980607,27476.0,44,37,2193.4204545454545,466.85,9200.0,16.9,6264661.252536157,1865.7891891891893,2520.0,5520.0,14.6,2746373.515558802,45,7,22,0,0,7,0,145688,145688,145688,145688,22,41,13,2,5,40.7,8544,1.29,1.86,109,2719,2906
6857,98,69600,48,1450,0,960802,3,218,980607,71208.5,74,144,5788.402702702702,181.05,24328.5,54.6,66620186.03296566,2480.088888888889,1550.0,16800.0,14.6,9817976.234320987,121,18,43,0,18,18,0,197099,197099,197099,197099,29,41,10,2,10,74.7,9624,1.6,2.31,145,4484,4265
6450,98,234336,48,4882,0,960820,3,169,980608,66812.9,46,123,15489.826086956522,2700.0,43942.0,47.8,264197709.29584122,5254.042276422764,3400.0,35200.0,14.6,37003702.46260295,96,17,21,0,18,17,0,1204953,1204953,1204953,1204953,0,0,0,1,1,100.0,12541,0.29,0.43,167,85677,99107
7221,98,152460,60,2541,0,970215,2,118,980608,9641.6,36,82,7566.4638888888885,5400.0,22868.0,35.0,60291097.45064043,3204.2804878048782,2700.0,15200.0,30.0,8270569.762790007,70,11,15,0,11,11,0,88757,88757,88757,88757,60,33,3,2,10,61.7,8554,2.47,2.68,113,1822,2218
5527,98,156420,60,2607,0,970706,2,63,980610,22039.7,25,38,13797.428,2400.0,45976.0,1.4,286159936.020416,8497.263157894737,6837.0,33800.0,30.0,67662732.72022161,38,7,11,0,0,7,0,139012,139012,139012,139012,59,41,8,3,10,61.9,8363,2.52,3.49,108,2564,2799
5620,98,30012,12,2501,0,960826,3,103,980608,94720.3,47,56,11133.43829787234,3100.0,43783.0,12.3,212969419.95385242,7652.7,3000.0,34800.0,14.6,93297797.70857142,70,0,21,0,0,12,0,78955,78955,78955,78955,50,24,8,1,9,59.0,9060,1.78,2.44,124,1655,1717
6215,98,78720,48,1640,0,970606,3,71,980612,66220.2,26,45,12073.734615384616,11205.5,32116.0,87.4,149615102.55303255,5504.373333333333,2700.0,21600.0,14.6,36776218.76906667,43,8,12,0,0,8,0,67298,67298,67298,67298,71,19,10,0,7,43.8,8561,0.65,1.29,110,1029,1127
7167,98,269964,36,7499,0,970712,3,75,980616,66463.8,24,51,24508.541666666668,22696.0,67488.0,115.9,622375567.1090972,10230.219607843137,8500.0,47000.0,14.6,105596248.01294887,49,8,11,0,0,7,0,93931,93931,93931,93931,74,21,10,1,8,56.9,8427,1.12,1.54,107,1874,1913
5823,98,212976,36,5916,0,960819,3,149,980612,53222.2,62,87,15242.182258064517,8819.5,49145.0,89.7,252509171.18145943,10250.49195402299,8000.0,61900.0,14.6,153600757.33131456,93,18,20,0,0,18,0,1204953,1204953,1204953,1204953,0,0,0,1,1,100.0,12541,0.29,0.43,167,85677,99107
6207,98,184620,60,3077,0,961025,3,113,980617,39023.4,43,70,9867.893023255814,2600.0,27692.0,21.5,103213037.69878854,5504.228571428572,3750.0,18513.0,14.6,24814966.29632653,64,15,19,0,0,15,0,77917,77917,77917,77917,85,19,6,1,5,53.5,8390,2.28,2.89,132,2080,2122
6932,98,225504,48,4698,0,960808,2,181,980618,98236.7,46,135,23961.952173913043,22312.5,65738.0,114.0,594959593.6120604,7437.133333333333,4400.0,50700.0,30.0,100918629.13777779,105,18,22,0,18,18,0,94725,94725,94725,94725,38,28,1,3,6,63.4,9920,2.26,2.87,130,4289,4846
5669,98,71820,36,1995,0,970520,3,79,980615,42629.7,31,48,13607.087096774194,8039.0,48698.0,78.0,244566841.89918834,7899.791666666667,3542.5,31600.0,14.6,85837919.44826388,57,0,12,0,0,10,0,86513,86513,86513,86513,38,36,5,1,5,50.5,8288,3.79,4.52,110,1562,1460
5154,98,108720,60,1812,0,961114,3,64,980630,41353.1,34,30,9974.69411764706,315.3,47615.0,42.4,220498241.3693772,9926.7,5310.5,48400.0,14.6,142277960.97,40,0,19,0,0,5,0,77963,77963,77963,77963,60,23,4,2,4,51.5,8546,2.95,4.02,126,2640,3120
7168,98,208332,36,5787,0,961221,3,124,980630,27282.7,37,87,26089.05945945946,500.0,73890.0,64.3,745812812.3494376,10781.751724137932,5700.0,62700.0,14.6,152801143.11812922,78,14,18,0,0,14,0,88884,88884,88884,88884,80,26,6,2,5,46.7,8507,1.67,1.85,132,2159,2674
5585,98,88608,12,7384,0,961014,1,134,980706,28833.5,62,72,13038.187096774194,6935.0,49324.0,15.3,215150651.40660772,10826.861111111111,6600.0,55000.0,100.0,177975321.31404322,95,0,21,0,0,18,0,125832,125832,125832,125832,151,41,2,3,5,48.3,8512,3.51,4.12,102,2247,2103
7200,98,31140,60,519,0,970819,3,50,980707,36627.3,27,23,3022.774074074074,3800.0,9400.0,27.3,7648186.5352537725,1955.982608695652,600.0,16300.0,14.6,11172883.293610586,34,0,10,0,0,6,0,127369,127369,127369,127369,31,32,13,2,7,51.2,8369,4.73,5.88,107,3736,2807
6539,98,12792,12,1066,0,970524,3,78,980708,38120.5,35,43,3395.9942857142855,3400.0,9254.0,17.8,10030229.685110204,1877.660465116279,1300.0,4112.0,14.6,2320410.118204435,47,9,13,0,0,9,0,124605,124605,124605,124605,11,42,14,1,8,46.0,8772,4.69,4.98,126,2854,3158
5774,98,96984,36,2694,0,970928,3,55,980710,13446.7,21,34,8668.466666666667,2800.0,24243.0,10.6,80746614.5879365,4958.558823529412,2570.0,21000.0,14.6,28230284.681833908,30,6,9,0,5,5,0,112065,112065,112065,112065,95,19,7,1,8,69.4,11277,1.25,1.44,127,5179,4987
6357,98,64860,60,1081,0,961228,3,132,980710,54222.1,39,93,7316.884615384615,7200.0,20107.5,14.0,52630353.51053254,2485.3376344086023,815.0,15200.0,14.6,11505695.168153543,72,14,18,0,14,14,0,85852,85852,85852,85852,41,23,4,2,4,59.8,8965,7.08,8.23,104,2653,2822
5042,98,331584,48,6908,0,961124,3,101,980708,55494.8,40,61,12403.3475,11396.5,33590.0,32.1,159581749.18799374,7223.5901639344265,5900.0,27040.0,14.6,46072997.55990325,67,0,19,0,0,15,0,95907,95907,95907,95907,87,25,5,2,7,59.1,8388,2.41,2.94,87,1658,1668
5015,98,109344,12,9112,0,970223,3,93,980711,66657.0,43,50,8887.360465116279,1700.0,28588.0,21.2,100240485.6800649,6309.984,7800.0,23400.0,14.6,21192020.918144,52,13,16,0,0,12,0,285387,285387,285387,285387,0,2,8,5,7,89.9,10177,6.63,7.75,81,9878,10108
5354,98,290820,60,4847,0,970806,3,84,980710,53388.9,25,59,10223.088,2700.0,28840.0,67.6,110238837.289856,3426.918644067797,2160.0,19520.0,14.0,20129345.354737144,51,8,11,0,7,7,0,95616,95616,95616,95616,65,30,4,1,6,51.4,9307,3.85,4.43,118,2616,3040
6054,98,58764,12,4897,0,970224,3,34,980714,55172.0,21,13,8814.752380952381,248.1,49991.0,30.0,251798424.70154193,9995.2,9400.0,32000.0,14.6,67795143.28,21,0,12,0,0,1,0,387570,387570,387570,387570,0,0,0,1,1,100.0,9897,1.6,1.96,140,18721,18696
7295,98,280440,60,4674,0,961105,3,106,980709,31303.2,47,59,9510.687234042553,4200.0,44135.0,64.3,145956921.44579446,7045.745762711865,5000.0,61000.0,14.6,91333149.99299052,72,0,19,0,0,15,0,387570,387570,387570,387570,0,0,0,1,1,100.0,9897,1.6,1.96,140,18721,18696
5365,98,271260,60,4521,0,970417,3,73,980708,11584.9,33,40,5431.845454545454,1000.0,15400.0,36.4,31961602.57641873,4191.65,4400.0,12200.0,14.6,11036107.567499999,39,10,14,0,0,10,0,114006,114006,114006,114006,71,26,6,2,9,62.3,9065,4.46,5.39,123,4147,4166
6755,98,170700,60,2845,0,970518,3,91,980712,27372.9,47,44,6120.104255319149,145.5,25605.0,48.2,74871412.7867904,5915.259090909091,4950.0,19896.0,14.6,26750658.76105372,56,0,26,0,0,9,0,107911,107911,107911,107911,88,33,6,2,7,50.9,8240,2.53,3.56,99,1850,1903
5991,98,335184,48,6983,0,970621,3,88,980716,16401.1,38,50,15555.405263157894,245.45,62850.0,50.6,474162986.08681434,11494.076,8100.0,37400.0,5.4,106905824.502224,54,0,24,0,0,8,2,106054,106054,106054,106054,38,25,6,2,6,63.1,8110,5.77,6.55,109,3244,3079
7035,98,210744,36,5854,0,971129,3,39,980727,31772.1,16,23,19853.18125,17710.8,52688.0,15.9,415537594.53902346,12429.51304347826,9151.0,33900.0,14.6,106572510.04461247,25,4,7,0,0,3,0,197099,197099,197099,197099,29,41,10,2,10,74.7,9624,1.6,2.31,145,4484,4265
5893,98,86184,36,2394,0,970413,2,84,980731,28834.1,34,50,7639.682352941177,3150.0,21550.0,34.6,62603487.02204152,4618.9,3500.0,27900.0,30.0,28898438.33,45,11,16,0,0,12,0,74062,74062,74062,74062,99,15,4,2,7,61.4,8114,2.38,2.62,119,1003,1181
7164,98,249792,48,5204,0,971104,3,45,980806,70038.5,21,24,17120.980952380953,13000.0,46838.0,110.9,295337827.6139229,12062.583333333334,6000.0,72000.0,14.6,233799997.1097222,31,0,9,0,0,5,0,157042,157042,157042,157042,49,70,18,0,9,33.9,8743,1.88,2.43,111,3659,3894
5304,98,172272,24,7178,0,970923,3,55,980819,72563.9,22,33,24081.25909090909,22114.0,65892.0,45.4,604239609.7260537,13855.260606060607,14456.0,60600.0,14.6,171424386.71875116,33,6,10,0,0,6,0,161227,161227,161227,161227,5,35,11,4,10,69.7,8678,5.93,5.57,102,4980,4595
5561,98,437460,60,7291,0,971021,3,53,980820,34015.2,20,33,24192.915,22324.0,65622.0,49.3,610941224.331275,13631.60606060606,7656.0,44500.0,14.6,201460503.05087236,34,5,9,0,0,5,0,228848,228848,228848,228848,15,40,18,2,6,57.2,9893,4.09,4.72,96,5623,5887
5520,98,231168,48,4816,0,961225,3,144,980817,45405.1,40,104,24247.255,22600.85,67348.0,34.5,609046350.395975,8889.278846153846,3800.0,54100.0,14.6,114271363.74339868,95,15,19,0,0,15,0,182027,182027,182027,182027,17,49,12,2,7,56.4,8746,3.33,3.74,90,4355,4433
5241,98,125472,24,5228,0,970805,3,97,980831,17288.0,39,58,13831.935897435897,10398.0,48868.0,30.3,198263086.68896776,9002.96896551724,6376.0,60900.0,14.6,123866969.54593341,61,11,13,0,0,12,0,125236,125236,125236,125236,28,11,1,4,5,87.7,9675,6.43,7.68,100,5323,5190
7096,98,37812,12,3151,0,970501,3,130,980831,67422.4,50,80,19395.34,20285.0,49874.0,120.5,293481437.4148,11279.4875,10195.5,54100.0,14.6,131796586.02984375,85,14,16,0,0,15,0,67298,67298,67298,67298,71,19,10,0,7,43.8,8561,0.65,1.29,110,1029,1127
6078,98,170832,48,3559,0,970918,3,65,980831,52140.0,23,42,23731.334782608697,700.0,67833.0,66.1,637213819.6127032,11754.647619047619,9649.0,47400.0,14.6,127653934.33106576,40,7,11,0,0,7,0,58796,58796,58796,58796,22,16,7,1,5,51.9,9045,3.13,3.6,124,1845,1879
5046,98,42816,12,3568,0,970608,3,85,980901,18696.6,41,44,3551.1487804878047,1500.0,10486.0,33.8,13004589.05518144,2884.1045454545456,2940.0,8400.0,14.6,4567439.715433884,49,10,15,0,0,11,0,226122,226122,226122,226122,32,50,7,4,4,62.6,8994,3.8,4.79,110,9672,9208
5334,98,209040,24,8710,0,970920,3,66,980908,57504.2,27,39,9478.907407407407,6700.0,26991.0,41.3,90449039.4066118,5087.851282051282,2329.0,45440.0,14.6,59120412.46301117,41,7,11,0,0,7,0,1204953,1204953,1204953,1204953,0,0,0,1,1,100.0,12541,0.29,0.43,167,85677,99107
6969,98,88200,36,2450,0,970607,3,91,980911,56477.5,36,55,7578.533333333334,2900.0,22052.0,67.5,62273528.46722222,3933.629090909091,3684.0,16884.0,14.6,14434994.3889719,53,12,15,0,0,11,0,127369,127369,127369,127369,31,32,13,2,7,51.2,8369,4.73,5.88,107,3736,2807
6821,98,321936,48,6707,0,961022,3,178,980912,62516.8,86,92,4731.6511627906975,202.1,19533.0,23.5,37773758.92249864,3743.5304347826086,3416.0,17200.0,14.6,7812349.958638941,98,18,44,0,0,18,0,1204953,1204953,1204953,1204953,0,0,0,1,1,100.0,12541,0.29,0.43,167,85677,99107
5760,98,74916,36,2081,0,961123,3,169,980917,43455.2,59,110,17056.80847457627,10100.0,49627.0,46.5,307779167.6499282,8753.605454545455,3508.0,59600.0,14.6,116656449.43306117,116,17,20,0,0,16,0,1204953,1204953,1204953,1204953,0,0,0,1,1,100.0,12541,0.29,0.43,167,85677,99107
5614,98,253560,60,4226,0,961215,3,108,980920,36718.7,43,65,13406.337209302326,2100.0,38038.0,68.6,190543306.3334992,8303.901538461538,4100.0,25900.0,14.6,67847073.92507456,72,0,20,0,0,16,0,119895,119895,119895,119895,17,4,3,2,4,89.9,10446,7.34,9.4,90,4947,4743
7091,98,113436,36,3151,0,970903,3,104,980918,110482.6,46,58,21328.36086956522,21891.0,49919.0,157.4,309284968.084121,15010.724137931034,6000.0,62000.0,14.6,300870728.1928656,82,0,12,0,0,10,0,105606,105606,105606,105606,77,26,7,2,7,53.0,8254,2.79,3.76,97,2166,2325
5698,98,174840,60,2914,0,970829,3,87,980920,27706.0,31,56,8555.574193548387,3800.0,26224.0,10.2,82884087.07417274,4241.371428571429,3128.5,18641.0,14.6,19816022.392040815,58,9,12,0,0,8,0,109164,109164,109164,109164,98,16,6,1,4,63.6,8757,3.38,3.95,96,2212,2471
5169,98,253200,60,4220,0,970215,3,134,980922,48603.2,42,92,10017.161904761904,6337.0,46619.0,87.7,165422272.16283447,4044.754347826087,3273.0,34800.0,14.6,26225979.474872403,72,15,18,0,15,14,0,139012,139012,139012,139012,59,41,8,3,10,61.9,8363,2.52,3.49,108,2564,2799
7294,98,39168,24,1632,0,971015,3,54,980913,62119.2,23,31,10715.865217391305,300.0,30462.0,49.4,127270216.20574668,5946.6322580645165,3693.0,23600.0,14.6,43066621.97960457,32,6,10,0,0,6,0,94725,94725,94725,94725,38,28,1,3,6,63.4,9920,2.26,2.87,130,4289,4846
5318,98,385584,48,8033,0,970516,3,78,980922,18109.0,36,42,13369.16111111111,8454.5,46716.0,120.2,222058906.2973765,11028.114285714286,7700.0,61900.0,14.6,149281218.90312925,58,0,12,0,0,8,0,72541,72541,72541,72541,66,26,10,0,8,36.9,8594,1.62,2.01,112,1580,1525
5368,98,44640,24,1860,0,970814,3,67,980930,39261.4,28,39,8779.232142857143,950.0,25912.5,47.9,88210765.54646683,5296.702564102564,1800.0,40000.0,14.6,59433052.67666009,45,0,13,0,0,9,0,108871,108871,108871,108871,41,29,7,2,6,62.1,8444,3.24,3.47,106,2595,2305
6923,98,44640,24,1860,0,970814,3,67,980930,38058.2,28,39,8779.110714285714,950.0,25912.5,47.9,88212904.50452806,5327.471794871795,2000.0,40000.0,14.6,59205642.18356344,45,0,13,0,0,9,0,108871,108871,108871,108871,41,29,7,2,6,62.1,8444,3.24,3.47,106,2595,2305
5463,98,17952,12,1496,0,971027,3,58,980930,31061.4,26,32,7621.526923076923,1700.0,23582.0,11.9,71273379.54427515,5221.81875,5350.0,20800.0,14.6,25687047.070898436,33,7,11,0,0,7,0,133777,133777,133777,133777,24,17,7,3,11,84.7,8705,5.75,7.61,116,4650,4859
5265,98,165780,60,2763,0,970207,2,113,980930,68799.8,60,53,9495.541666666666,260.2,46160.0,24.9,204184410.75543058,9931.475471698113,4800.0,48000.0,11.5,145382046.5803418,66,0,36,0,0,9,2,145688,145688,145688,145688,22,41,13,2,5,40.7,8544,1.29,1.86,109,2719,2906
6321,98,38496,12,3208,0,970913,3,36,980930,92238.0,22,14,8484.204545454546,264.85,38123.0,15.0,174871017.08497936,6744.942857142857,3100.0,27300.0,14.6,72218633.44816326,21,0,13,0,0,2,0,94725,94725,94725,94725,38,28,1,3,6,63.4,9920,2.26,2.87,130,4289,4846
5226,98,185544,36,5154,0,971222,3,35,981010,15456.4,18,17,7745.038888888889,3150.0,29159.0,35.5,88766768.69904321,7395.070588235294,3900.0,25400.0,14.6,62237091.5432526,23,2,7,0,1,2,0,124605,124605,124605,124605,11,42,14,1,8,46.0,8772,4.69,4.98,126,2854,3158
6868,98,82128,24,3422,0,970524,3,121,981005,37167.7,69,52,5748.876811594203,154.9,30794.0,25.3,94495094.13598403,6913.542307692308,4200.0,22239.0,14.6,45859352.31590237,61,0,48,0,0,12,0,45714,45714,45714,45714,52,10,5,1,6,55.6,8843,2.82,3.6,113,818,888
4967,98,318480,60,5308,0,970818,3,116,981012,16367.8,32,84,13979.996875,6092.5,47785.0,49.5,276296603.17905277,5130.857142857143,2584.0,43200.0,0.4,64338014.621496595,66,12,14,0,12,11,1,70646,70646,70646,70646,94,14,3,1,4,58.4,8547,2.65,3.64,120,1563,1542
5293,98,189792,48,3954,0,970201,3,128,981024,37600.4,47,81,11621.51489361702,1800.0,35589.0,61.3,161958785.0421186,6279.143209876544,4500.0,23200.0,14.6,30188066.71726871,76,16,20,0,0,16,0,162580,162580,162580,162580,83,26,5,1,6,72.8,9538,1.51,1.81,111,6079,5410
5865,98,327660,60,5461,0,970108,3,126,981023,59536.5,50,76,14990.184,8400.0,48563.0,47.3,281866855.100544,9078.586842105264,6700.0,37500.0,14.6,64364810.10245844,73,17,20,0,0,16,0,85852,85852,85852,85852,41,23,4,2,4,59.8,8965,7.08,8.23,104,2653,2822
5841,98,41988,12,3499,0,970220,3,129,981031,57951.1,55,74,5760.270909090909,6000.0,16700.0,25.8,26827965.27733554,3498.1567567567567,2950.0,33280.0,14.6,18935725.664075967,78,15,20,0,0,16,0,148545,148545,148545,148545,8,35,12,3,4,53.5,8909,4.01,5.56,113,3460,3590
5526,98,69624,36,1934,0,970402,3,145,981031,49855.6,41,104,10425.7,2700.0,30375.0,59.3,119605245.57853658,3630.75,1750.0,43520.0,14.6,37562842.57596154,82,15,19,0,14,15,0,139012,139012,139012,139012,59,41,8,3,10,61.9,8363,2.52,3.49,108,2564,2799
6852,98,16032,48,334,0,970818,3,121,981106,30690.0,47,74,4913.325531914894,98.5,21014.0,27.1,49155494.031263016,2706.6486486486488,300.0,19600.0,14.6,16782528.736011688,62,10,28,0,11,10,0,105058,105058,105058,105058,32,19,7,2,10,81.0,9272,2.8,3.22,118,4340,4505
6469,98,99744,24,4156,0,970612,2,102,981112,71878.9,42,60,11388.614285714286,1900.0,37408.0,66.8,163846917.93646258,6774.05,6191.0,26500.0,30.0,36092671.21416667,61,13,16,0,0,12,0,94725,94725,94725,94725,38,28,1,3,6,63.4,9920,2.26,2.87,130,4289,4846
6168,98,99216,36,2756,0,970904,3,86,981113,30810.9,37,49,15153.778378378378,10728.0,49853.0,69.1,264330724.2179109,10813.85306122449,8093.0,54500.0,14.6,164742239.91473553,55,9,14,0,0,8,0,1204953,1204953,1204953,1204953,0,0,0,1,1,100.0,12541,0.29,0.43,167,85677,99107
7292,98,317460,60,5291,0,970711,3,145,981121,76508.5,50,95,21579.118,23058.5,49407.0,76.4,331802014.586276,10552.077894736842,4000.0,61700.0,14.6,209227199.27435347,101,14,16,0,0,14,0,102609,102609,102609,102609,75,33,2,3,6,52.0,8187,4.83,5.45,94,2123,2134
5036,98,91248,48,1901,0,970425,3,99,981116,14866.7,39,60,10241.312820512821,3800.0,28726.0,22.4,109454980.29957922,6409.073333333334,2450.0,25400.0,14.6,59255555.41195555,67,0,18,0,0,14,0,177686,177686,177686,177686,69,27,10,1,9,74.8,10045,1.42,1.71,135,6604,6295
5644,98,276084,36,7669,0,970808,3,142,981126,57631.4,33,109,23941.60606060606,2800.0,69018.0,139.3,613969245.6217815,6719.647706422018,3231.0,46900.0,14.6,84987800.75442135,93,11,15,0,12,11,0,1204953,1204953,1204953,1204953,0,0,0,1,1,100.0,12541,0.29,0.43,167,85677,99107
6856,98,163332,36,4537,0,970914,3,66,981130,17635.6,34,32,8467.611764705882,173.45,48983.0,18.7,225356711.24750862,8446.175,4950.0,28700.0,14.6,66857989.024375,37,0,23,0,0,6,0,70699,70699,70699,70699,60,13,2,1,4,65.3,8968,2.83,3.35,131,1740,1910
5428,98,230220,36,6395,0,970208,3,153,981130,94171.5,64,89,19042.51875,14754.0,49535.0,5.4,323311938.8233984,13160.269662921348,6400.0,58400.0,14.6,228757342.8845853,111,0,22,0,0,20,0,53921,53921,53921,53921,61,22,1,1,2,41.3,8598,2.77,3.26,123,1597,1875
5027,98,160920,36,4470,0,971208,3,59,981130,48325.0,25,34,14088.752,700.0,40234.0,104.5,218845838.800096,8938.052941176471,5212.0,24800.0,14.6,75076914.39366782,32,7,12,0,0,8,0,85852,85852,85852,85852,41,23,4,2,4,59.8,8965,7.08,8.23,104,2653,2822
4989,98,352704,48,7348,0,970710,3,56,981202,35875.3,29,27,8806.779310344828,310.0,49101.0,38.0,200462369.24715814,8341.525925925926,6000.0,29900.0,14.6,63831680.52784636,34,0,15,0,0,7,0,103347,103347,103347,103347,87,16,7,1,7,67.0,9104,1.51,2.07,123,2299,2354
5221,98,52512,12,4376,0,970702,3,87,981130,41035.4,38,49,14839.705263157895,7827.5,49972.0,10.9,253508814.9673407,10670.889795918367,5400.0,43000.0,14.6,130145851.20336527,63,0,13,0,0,11,0,157042,157042,157042,157042,49,70,18,0,9,33.9,8743,1.88,2.43,111,3659,3894
6402,98,139488,24,5812,0,970512,2,104,981203,47956.3,39,65,17969.63076923077,1900.0,52305.0,87.3,360586467.7036686,10043.984615384616,6800.0,33000.0,30.0,90607558.19976331,72,0,18,0,0,14,0,75232,75232,75232,75232,55,26,4,1,5,41.7,8980,1.95,2.21,111,2824,2813
5346,98,55632,24,2318,0,970302,3,114,981130,38449.2,50,64,7270.39,3700.0,20858.0,36.8,52786398.3381,5079.221875,2300.0,23522.0,14.6,34904086.07764649,76,0,21,0,0,17,0,285387,285387,285387,285387,0,2,8,5,7,89.9,10177,6.63,7.75,81,9878,10108
6748,98,240900,60,4015,0,970623,3,120,981205,19813.8,54,66,5791.309259259259,104.85,25394.0,20.5,70159719.2982476,4438.133333333333,4000.0,18600.0,14.6,15319264.395555554,60,13,34,0,0,13,0,110643,110643,110643,110643,49,41,4,1,4,51.9,8441,3.45,4.48,115,1879,2252
